time,ax,ay,az,gx,gy,gz,vib,label
0.0,1.15283203125,0.07421875,0.22412109375,-3.0381679389312977,-30.984732824427482,1.381679389312977,1.1767584203188264,0
0.01,0.30419921875,0.0322265625,-0.162109375,0.061068702290076333,-32.35114503816794,12.50381679389313,0.34620104777653027,0
0.02,1.48876953125,-0.061279296875,-0.359375,-0.22900763358778625,3.7480916030534353,0.03816793893129771,1.5327557731187442,0
0.03,1.124267578125,-0.00927734375,-0.1171875,-0.26717557251908397,5.244274809160306,-3.404580152671756,1.130396641222168,0
0.04,0.9111328125,0.03564453125,-0.18115234375,-0.4351145038167939,0.1450381679389313,0.31297709923664124,0.9296503139720389,0
0.05,0.955322265625,0.015869140625,-0.192138671875,0.007633587786259542,0.5038167938931297,2.122137404580153,0.974581823169788,0
0.06,0.984130859375,0.00146484375,-0.18017578125,-0.7633587786259542,4.366412213740458,-0.7175572519083969,1.000489383397163,0
0.07,0.978515625,0.02001953125,-0.17529296875,-0.9465648854961832,2.4656488549618323,0.9389312977099237,0.9942943401698507,0
0.08,0.99169921875,0.0185546875,-0.185791015625,-0.3969465648854962,1.9236641221374047,1.282442748091603,1.0091233415121028,0
0.09,0.985107421875,0.009521484375,-0.17529296875,-0.7938931297709924,3.0839694656488548,0.08396946564885496,1.0006272613671392,0
0.1,0.99853515625,0.010009765625,-0.180419921875,-0.7175572519083969,2.7099236641221376,0.9007633587786259,1.0147531728871118,0
0.11,0.982177734375,0.010009765625,-0.188720703125,-0.4961832061068702,2.2442748091603053,0.816793893129771,1.0001943816568206,0
0.12,0.9814453125,0.010009765625,-0.17431640625,-0.48091603053435117,2.8091603053435112,0.5038167938931297,0.9968557098818289,0
0.13,0.9716796875,0.012939453125,-0.18701171875,-0.816793893129771,2.3893129770992365,0.4961832061068702,0.9895970025707944,0
0.14,0.982177734375,0.0126953125,-0.19287109375,-0.5267175572519084,2.2213740458015265,0.6183206106870229,1.0010162494514272,0
0.15,0.968994140625,0.012939453125,-0.18310546875,-0.8320610687022901,2.633587786259542,0.5877862595419847,0.9862275025058436,0
0.16,0.982177734375,0.014404296875,-0.188232421875,-0.732824427480916,2.4885496183206106,0.6030534351145038,1.0001560029892334,0
0.17,0.970947265625,0.013427734375,-0.18994140625,-0.6335877862595419,2.450381679389313,0.7633587786259542,0.9894425877651201,0
0.18,0.970703125,0.010498046875,-0.186279296875,-1.0916030534351144,2.549618320610687,0.7862595419847328,0.9884709112144877,0
0.19,0.96923828125,0.013427734375,-0.188232421875,-0.5343511450381679,2.5572519083969465,0.6717557251908397,0.9874384003753488,0
0.2,0.985107421875,0.01025390625,-0.203125,-0.6030534351145038,2.5419847328244276,0.6335877862595419,1.0058834628581945,0
0.21,0.99755859375,0.010498046875,-0.177734375,-0.5877862595419847,2.885496183206107,0.4122137404580153,1.013322685529791,0
0.22,0.984375,0.014892578125,-0.185791015625,-0.5648854961832062,2.5267175572519083,0.6793893129770993,1.0018653756843672,0
0.23,0.98828125,0.01171875,-0.19970703125,-0.9083969465648855,2.6946564885496183,0.7404580152671756,1.0083253723544863,0
0.24,0.987060546875,0.009765625,-0.181396484375,-0.7251908396946565,2.648854961832061,0.6717557251908397,1.0036376712601138,0
0.25,0.984619140625,0.013671875,-0.182373046875,-0.6412213740458015,2.6564885496183206,0.648854961832061,1.0014597847530375,0
0.26,0.98291015625,0.0126953125,-0.186279296875,-0.46564885496183206,2.6564885496183206,0.7786259541984732,1.000486642920892,0
0.27,0.984619140625,0.0126953125,-0.173095703125,-0.6259541984732825,2.564885496183206,0.7786259541984732,0.9997990525525239,0
0.28,0.98046875,0.01123046875,-0.185302734375,-0.6870229007633588,2.8625954198473282,0.6717557251908397,0.9978888698255728,0
0.29,0.984375,0.012939453125,-0.184814453125,-0.7251908396946565,2.7786259541984735,0.5954198473282443,1.001657602255415,0
0.3,0.983154296875,0.01171875,-0.173095703125,-0.8473282442748091,2.786259541984733,0.6183206106870229,0.9983445412309702,0
0.31,0.98046875,0.01123046875,-0.190673828125,-0.6335877862595419,2.5801526717557253,0.6030534351145038,0.9989001961591304,0
0.32,0.971923828125,0.0107421875,-0.18310546875,-0.5648854961832062,2.5114503816793894,0.7099236641221374,0.9890798425585252,0
0.33,0.9833984375,0.010986328125,-0.185546875,-0.7633587786259542,2.618320610687023,0.5114503816793893,1.0008100864326743,0
0.34,0.97021484375,0.011474609375,-0.1845703125,-0.4122137404580153,2.7022900763358777,0.6641221374045801,0.9876814820322862,0
0.35,0.9873046875,0.010498046875,-0.186767578125,-0.6641221374045801,2.595419847328244,0.6564885496183206,1.0048695851633387,0
0.36,0.9697265625,0.0146484375,-0.174072265625,-0.7633587786259542,2.6030534351145036,0.648854961832061,0.9853351391273318,0
0.37,0.98779296875,0.013671875,-0.17919921875,-0.4580152671755725,2.618320610687023,0.8091603053435115,1.004009078284935,0
0.38,0.985107421875,0.013916015625,-0.184326171875,-0.6564885496183206,2.572519083969466,0.7251908396946565,1.0023005665777989,0
0.39,0.984130859375,0.010986328125,-0.174072265625,-0.7709923664122137,2.732824427480916,0.5419847328244275,0.9994675589731098,0
0.4,0.98486328125,0.011474609375,-0.172119140625,-0.7022900763358778,2.5877862595419847,0.6183206106870229,0.9998561636477089,0
0.41,0.99853515625,0.01318359375,-0.198974609375,-0.4732824427480916,2.6946564885496183,0.5801526717557252,1.0182520123168481,0
0.42,0.9814453125,0.01123046875,-0.188232421875,-0.5648854961832062,2.5419847328244276,0.732824427480916,0.9993960523743805,0
0.43,0.98388671875,0.0146484375,-0.185791015625,-0.7709923664122137,2.595419847328244,0.6106870229007634,1.0013820217783032,0
0.44,0.984619140625,0.011474609375,-0.185302734375,-0.6564885496183206,2.435114503816794,0.5343511450381679,1.0019698708605336,0
0.45,0.9833984375,0.029296875,-0.1806640625,-0.07633587786259542,4.091603053435114,-53.01526717557252,1.000285107977326,0
0.46,0.95306396484375,-0.631103515625,-1.992431640625,-2.351145038167939,72.33587786259542,0.24427480916030533,2.2970429711003564,0
0.47,0.946044921875,0.156494140625,0.015869140625,-9.67175572519084,51.458015267175576,-19.47328244274809,0.9590324498574635,0
0.48,1.54931640625,0.065673828125,-0.08544921875,-12.49618320610687,-7.595419847328245,17.14503816793893,1.5530601879389583,0
0.49,0.9306640625,-0.02490234375,-0.082275390625,-14.84732824427481,-38.50381679389313,8.038167938931299,0.9346255741502816,0
0.5,0.989990234375,0.14404296875,0.17822265625,-0.5267175572519084,-48.0,10.694656488549619,1.0161655161463543,0
0.51,0.679931640625,-0.018310546875,-0.302734375,4.412213740458015,-38.69465648854962,12.946564885496183,0.7445068259300961,0
0.52,0.980224609375,0.022216796875,0.0,0.08396946564885496,2.786259541984733,-8.67175572519084,0.9804763489690898,0
0.53,-0.209228515625,0.10791015625,0.00439453125,-1.4809160305343512,-34.099236641221374,2.145038167938931,0.2354580333678329,0
0.54,0.677734375,-0.0009765625,0.0556640625,0.37404580152671757,-6.114503816793893,12.946564885496183,0.6800171502138463,0
0.55,1.1259765625,-0.042724609375,-0.0771484375,0.21374045801526717,-11.641221374045802,13.687022900763358,1.1294248505120887,0
0.56,1.065185546875,0.034423828125,-0.20703125,2.1755725190839694,-11.526717557251908,10.381679389312977,1.0856643992002017,0
0.57,0.95166015625,-0.043212890625,-0.251953125,-0.7175572519083969,6.282442748091603,-4.549618320610687,0.9853957499944924,0
0.58,1.0087890625,-0.00732421875,-0.2158203125,-1.9923664122137406,10.908396946564885,-5.633587786259542,1.0316430701010522,0
0.59,1.02392578125,0.046630859375,-0.167236328125,-0.5572519083969466,2.9083969465648853,3.5114503816793894,1.038540529781677,0
0.6,0.992919921875,0.021240234375,-0.175537109375,0.6564885496183206,-2.213740458015267,4.938931297709924,1.0085407257916221,0
0.61,0.97216796875,0.009765625,-0.195068359375,-0.4351145038167939,3.351145038167939,-1.015267175572519,0.9915934609124829,0
0.62,0.961669921875,0.002197265625,-0.1767578125,-1.1755725190839694,5.259541984732825,-1.0916030534351144,0.9777817705884481,0
0.63,0.99267578125,0.02294921875,-0.186767578125,-0.5877862595419847,3.66412213740458,1.8549618320610688,1.0103534042899105,0
0.64,0.990234375,0.027099609375,-0.180908203125,-0.35877862595419846,1.1297709923664123,1.6946564885496183,1.006988720998321,0
0.65,0.975830078125,0.002685546875,-0.1884765625,-0.8244274809160306,3.2442748091603053,0.022900763358778626,0.9938686875776286,0
0.66,0.9814453125,0.01123046875,-0.18310546875,-0.7709923664122137,2.854961832061069,0.6564885496183206,0.9984431068131647,0
0.67,0.985107421875,0.01708984375,-0.186767578125,-0.5343511450381679,2.0076335877862594,1.3893129770992367,1.0028014876491191,0
0.68,0.983642578125,0.00537109375,-0.18359375,-0.5954198473282443,2.519083969465649,0.35877862595419846,1.0006439102835387,0
0.69,0.97119140625,0.010498046875,-0.183837890625,-0.7022900763358778,2.732824427480916,0.5801526717557252,0.9884934631000307,0
0.7,0.969970703125,0.013671875,-0.182373046875,-0.5725190839694656,2.5267175572519083,0.8396946564885496,0.9870613016997949,0
0.71,0.999755859375,0.01025390625,-0.181884765625,-0.7557251908396947,2.7251908396946565,0.6564885496183206,1.0162179829714144,0
0.72,0.986328125,0.012939453125,-0.182373046875,-0.6641221374045801,2.564885496183206,0.6793893129770993,1.003130364329413,0
0.73,0.97021484375,0.031005859375,-0.17724609375,-0.6793893129770993,2.5877862595419847,0.6259541984732825,0.9867595371203933,0
0.74,0.985595703125,0.011474609375,-0.1728515625,-0.4732824427480916,2.8091603053435112,0.7099236641221374,1.0007038619579038,0
0.75,0.987548828125,0.0078125,-0.18212890625,-0.5419847328244275,2.4580152671755724,0.549618320610687,1.0042333700784554,0
0.76,0.98486328125,0.013427734375,-0.18115234375,-0.6183206106870229,2.6259541984732824,0.5877862595419847,1.0014749914256873,0
0.77,0.983642578125,0.01220703125,-0.18310546875,-0.5572519083969466,2.687022900763359,0.7251908396946565,1.0006144841038893,0
0.78,0.98193359375,0.01171875,-0.197998046875,-0.5801526717557252,2.7251908396946565,0.7557251908396947,1.0017655105875163,0
0.79,0.99609375,0.012939453125,-0.18408203125,-0.4732824427480916,2.427480916030534,0.7251908396946565,1.0130431296175708,0
0.8,0.98486328125,0.0009765625,-0.18017578125,-0.5267175572519084,2.5572519083969465,0.816793893129771,1.001209243154437,0
0.81,0.969482421875,0.002197265625,-0.179931640625,-0.6106870229007634,2.595419847328244,0.8854961832061069,0.9860407646739796,0
0.82,0.984375,0.01123046875,-0.1845703125,-0.6106870229007634,2.5877862595419847,0.8473282442748091,1.0015919649785996,0
0.83,0.98291015625,0.011962890625,-0.18359375,-0.6717557251908397,2.6564885496183206,0.7862595419847328,0.9999810753462125,0
0.84,0.984375,0.010986328125,-0.177490234375,-0.6412213740458015,2.572519083969466,0.6412213740458015,1.0003087639969783,0
0.85,0.9990234375,0.012939453125,-0.18408203125,-0.40458015267175573,2.6946564885496183,0.7938931297709924,1.0159239402389415,0
0.86,0.987060546875,0.029296875,-0.18359375,-0.7022900763358778,2.687022900763359,0.5725190839694656,1.0044169926484727,0
0.87,0.986083984375,0.01708984375,-0.172607421875,-0.7175572519083969,2.7251908396946565,0.6335877862595419,1.0012227569759933,0
0.88,0.986328125,0.013916015625,-0.1826171875,-0.8625954198473282,2.4885496183206106,0.8473282442748091,1.0031878502191407,0
0.89,0.988525390625,0.01220703125,-0.184814453125,-0.6335877862595419,2.6412213740458017,0.7862595419847328,1.0057275185685932,0
0.9,0.984619140625,0.008544921875,-0.197509765625,-0.5267175572519084,2.66412213740458,0.7709923664122137,1.0042698717437488,0
0.91,0.98486328125,0.0107421875,-0.18212890625,-0.5038167938931297,2.549618320610687,0.6641221374045801,1.001619696211403,0
0.92,0.98291015625,0.010498046875,-0.201416015625,-0.35877862595419846,2.6717557251908395,0.6106870229007634,1.003389752587617,0
0.93,0.983154296875,0.009765625,-0.1806640625,-0.5343511450381679,2.519083969465649,0.9236641221374046,0.9996635645928185,0
0.94,0.98779296875,0.01318359375,-0.1806640625,-0.4198473282442748,2.7709923664122136,0.7862595419847328,1.0042650346074524,0
0.95,0.984619140625,0.00927734375,-0.1806640625,-0.6030534351145038,2.595419847328244,0.5877862595419847,1.001099607766966,0
0.96,0.998779296875,0.013671875,-0.180908203125,-0.6412213740458015,2.572519083969466,0.7022900763358778,1.0151230378579985,0
0.97,0.98681640625,0.0146484375,-0.18310546875,-0.29770992366412213,2.595419847328244,0.5954198473282443,1.0037673082201441,0
0.98,0.984375,0.0126953125,-0.2021484375,-0.3969465648854962,2.6106870229007635,0.6412213740458015,1.0049971653532979,0
0.99,0.9853515625,0.010986328125,-0.200927734375,-0.7022900763358778,2.7251908396946565,0.7022900763358778,1.0056889954493546,0
1.0,0.987060546875,0.013916015625,-0.202880859375,-0.3816793893129771,2.618320610687023,0.8702290076335878,1.0077910605818985,0
1.01,0.98486328125,0.011962890625,-0.1845703125,-0.6335877862595419,2.595419847328244,0.7557251908396947,1.0020803329888128,0
1.02,0.96923828125,0.009521484375,-0.18505859375,-0.7633587786259542,2.4732824427480917,0.6335877862595419,0.9867928798009666,0
1.03,0.969970703125,0.01171875,-0.185791015625,-0.6564885496183206,2.6564885496183206,0.7099236641221374,0.9876734255356567,0
1.04,0.9990234375,0.01025390625,-0.181640625,-0.7251908396946565,2.7786259541984735,0.7099236641221374,1.0154537349963764,0
1.05,0.986572265625,0.0126953125,-0.1806640625,-0.7862595419847328,2.8091603053435112,0.5267175572519084,1.003058078946041,0
1.06,0.99853515625,0.0302734375,-0.191650390625,-0.6641221374045801,2.6259541984732824,0.9847328244274809,1.0172112914788123,0
1.07,0.978271484375,0.009765625,-0.18212890625,-0.4732824427480916,2.572519083969466,0.6870229007633588,0.9951288374199231,0
1.08,0.96875,0.011474609375,-0.18115234375,-0.40458015267175573,2.7022900763358777,0.816793893129771,0.9856086448517114,0
1.09,0.999267578125,0.012939453125,-0.20166015625,-0.7480916030534351,2.3740458015267176,0.8091603053435115,1.0194949439588954,0
1.1,0.999267578125,0.01318359375,-0.18212890625,-0.5572519083969466,2.687022900763359,0.5419847328244275,1.0158151595284397,0
1.11,0.987548828125,0.01318359375,-0.17919921875,-0.3893129770992366,2.732824427480916,0.7022900763358778,1.0037623498995347,0
1.12,0.982666015625,0.01318359375,-0.174072265625,-0.48854961832061067,2.8244274809160306,0.5343511450381679,0.9980518318545878,0
1.13,0.984130859375,0.009765625,-0.184326171875,-0.549618320610687,2.549618320610687,0.8015267175572519,1.0012916924872135,0
1.14,0.9970703125,0.008056640625,-0.180419921875,-0.5954198473282443,2.6412213740458017,0.2748091603053435,1.0132943628267104,0
1.15,0.96923828125,0.01220703125,-0.185546875,-0.816793893129771,2.7557251908396947,0.6641221374045801,0.9869141301423636,0
1.16,0.998291015625,0.01318359375,-0.18701171875,-0.48854961832061067,2.5877862595419847,0.7480916030534351,1.0157421631356987,0
1.17,0.98193359375,0.013427734375,-0.179931640625,-0.7862595419847328,2.6717557251908395,0.9312977099236641,0.9983733178942833,0
1.18,0.998779296875,0.010498046875,-0.184326171875,-0.9465648854961832,2.5877862595419847,0.4580152671755725,1.015699970706114,0
1.19,0.97021484375,0.011962890625,-0.184326171875,-0.5572519083969466,2.6412213740458017,0.5190839694656488,0.9876416816958642,0
1.2,0.98291015625,0.013671875,-0.175048828125,-0.8549618320610687,2.519083969465649,0.7175572519083969,0.9984695226462101,0
1.21,0.984619140625,0.011474609375,-0.189453125,-0.7709923664122137,2.5419847328244276,0.7480916030534351,1.0027457331336234,0
1.22,0.98388671875,0.010986328125,-0.1826171875,-0.5725190839694656,2.6412213740458017,0.7175572519083969,1.0007511238608338,0
1.23,0.98095703125,0.0,-0.179931640625,-0.6564885496183206,2.5801526717557253,0.42748091603053434,0.9973224616225274,0
1.24,0.968994140625,0.0,-0.202880859375,-0.7175572519083969,2.595419847328244,0.7251908396946565,0.9900051957774367,0
1.25,0.970703125,0.01416015625,-0.18212890625,-0.5648854961832062,2.549618320610687,0.9083969465648855,0.9877428842576449,0
1.26,0.985107421875,0.01220703125,-0.1806640625,-0.648854961832061,2.7404580152671754,0.4351145038167939,1.0016112757572928,0
1.27,0.987060546875,0.01220703125,-0.18115234375,-0.5954198473282443,2.5877862595419847,0.7099236641221374,1.0036202999417811,0
1.28,0.987548828125,0.01513671875,-0.185546875,-0.5419847328244275,2.6412213740458017,0.4961832061068702,1.004942511294971,0
1.29,0.98388671875,0.011962890625,-0.182861328125,-0.40458015267175573,2.49618320610687,0.5572519083969466,1.0008069001602589,0
1.3,0.96875,0.0146484375,-0.174560546875,-0.3969465648854962,2.549618320610687,0.6641221374045801,0.9844605242194785,0
1.31,0.9990234375,0.010986328125,-0.192138671875,-0.45038167938931295,2.648854961832061,0.7557251908396947,1.0173916636722926,0
1.32,0.985107421875,0.008544921875,-0.19140625,-0.5419847328244275,2.595419847328244,0.6793893129770993,1.0035666399707204,0
1.33,0.9814453125,0.0087890625,-0.202880859375,-0.48854961832061067,2.816793893129771,0.7251908396946565,1.0022339009176402,0
1.34,0.984130859375,0.01025390625,-0.194091796875,-0.4961832061068702,2.877862595419847,0.5343511450381679,1.0031402277756216,0
1.35,0.97021484375,0.010498046875,-0.18212890625,-0.7251908396946565,2.801526717557252,0.48091603053435117,0.9872172965020659,0
1.36,0.98828125,0.013427734375,-0.183349609375,-0.5343511450381679,2.5114503816793894,0.5648854961832062,1.005234904094547,0
1.37,0.986328125,0.016357421875,-0.18359375,-0.46564885496183206,2.7709923664122136,0.7022900763358778,1.003402910328386,0
1.38,0.982421875,0.022216796875,-0.1826171875,-0.7251908396946565,2.8244274809160306,0.9618320610687023,0.9994975556309834,0
1.39,0.99853515625,0.01708984375,-0.183349609375,-0.4580152671755725,2.49618320610687,0.648854961832061,1.0153726410951678,0
1.4,0.982177734375,0.012451171875,-0.180419921875,-0.44274809160305345,2.6564885496183206,0.7175572519083969,0.9986888813802074,0
1.41,0.97021484375,0.029296875,-0.18408203125,-0.6412213740458015,2.8702290076335877,0.8473282442748091,0.9879581692292081,0
1.42,0.96875,0.01220703125,-0.18212890625,-0.7175572519083969,2.763358778625954,0.6793893129770993,0.9857973993695458,0
1.43,0.980712890625,0.00927734375,-0.177978515625,-0.5648854961832062,2.549618320610687,0.6564885496183206,0.9967748968393904,0
1.44,0.981689453125,0.014892578125,-0.181640625,-0.6870229007633588,2.5877862595419847,0.7786259541984732,0.9984634634829966,0
1.45,0.99853515625,0.009521484375,-0.1826171875,-0.6870229007633588,2.816793893129771,0.5572519083969466,1.0151414453672578,0
1.46,0.9853515625,0.01171875,-0.201171875,-0.4732824427480916,2.786259541984733,0.5648854961832062,1.0057460684058226,0
1.47,0.968994140625,0.011474609375,-0.195556640625,-0.4580152671755725,2.5419847328244276,0.7786259541984732,0.9885968394236482,0
1.48,0.970703125,0.011962890625,-0.17529296875,-0.4580152671755725,2.7251908396946565,0.6946564885496184,0.9864761996774478,0
1.49,0.98583984375,0.012939453125,-0.1875,-0.5648854961832062,2.8091603053435112,0.6946564885496184,1.0035954747667002,0
1.5,0.986083984375,0.0126953125,-0.18359375,-0.5648854961832062,2.7251908396946565,0.7633587786259542,1.0031098943981214,0
1.51,0.987060546875,0.015869140625,-0.18505859375,-0.5954198473282443,2.5801526717557253,0.5038167938931297,1.0043839086435413,0
1.52,0.984130859375,0.02880859375,-0.1787109375,-0.3816793893129771,2.6259541984732824,0.8091603053435115,1.0006403362997902,0
1.53,0.986328125,0.01513671875,-0.181640625,-0.8396946564885496,2.7557251908396947,0.8015267175572519,1.0030282184818744,0
1.54,0.983642578125,0.001220703125,-0.182861328125,-0.5572519083969466,2.6412213740458017,0.7022900763358778,1.00049611540483,0
1.55,0.9697265625,0.011962890625,-0.180908203125,-0.3435114503816794,2.564885496183206,0.8091603053435115,0.9865295204544506,0
1.56,0.99951171875,0.012451171875,-0.201416015625,-0.5419847328244275,2.648854961832061,0.7099236641221374,1.0196799100452505,0
1.57,0.98876953125,0.012939453125,-0.174072265625,-0.5343511450381679,2.6793893129770994,0.45038167938931295,1.0040586482050435,0
1.58,0.97216796875,0.008544921875,-0.17333984375,-0.4732824427480916,3.1068702290076335,0.5419847328244275,0.9875374811036922,0
1.59,0.98583984375,0.003173828125,-0.178955078125,-0.6335877862595419,2.6564885496183206,0.916030534351145,1.0019556830003593,0
1.6,0.97021484375,0.01123046875,-0.175537109375,-0.5801526717557252,2.6717557251908395,0.4122137404580153,0.9860305488314813,0
1.61,0.969970703125,0.000244140625,-0.173583984375,-0.5343511450381679,2.717557251908397,0.46564885496183206,0.9853804464048147,0
1.62,0.97509765625,0.03076171875,-0.177001953125,-0.33587786259541985,2.3282442748091605,0.7862595419847328,0.9915096640854096,0
1.63,0.983154296875,0.00146484375,-0.18017578125,-0.7557251908396947,2.66412213740458,0.9541984732824428,0.9995288036770303,0
1.64,0.998046875,0.00634765625,-0.180419921875,-0.6106870229007634,2.7251908396946565,0.6106870229007634,1.0142431688931974,0
1.65,0.99658203125,0.014892578125,-0.172607421875,-0.5725190839694656,2.6717557251908395,0.8854961832061069,1.011528969421993,0
1.66,0.98974609375,0.0107421875,-0.182861328125,-0.4580152671755725,2.83206106870229,0.7633587786259542,1.006554017432402,0
1.67,0.996826171875,0.011474609375,-0.172119140625,-0.8320610687022901,2.7022900763358777,0.5801526717557252,1.0116417756126743,0
1.68,0.9892578125,0.01171875,-0.180419921875,-0.6183206106870229,2.6030534351145036,0.8396946564885496,1.0056439215265156,0
1.69,0.9716796875,0.009033203125,-0.1875,-0.8320610687022901,2.732824427480916,0.4732824427480916,0.989646029577644,0
1.7,0.990234375,0.0,-0.182861328125,-0.31297709923664124,2.4122137404580153,1.0610687022900764,1.0069768531377867,0
1.71,0.97705078125,0.009521484375,-0.198974609375,-0.7786259541984732,2.7099236641221376,0.648854961832061,0.9971508326135382,0
1.72,0.999755859375,0.029296875,-0.18359375,-0.6564885496183206,2.4198473282442747,0.7099236641221374,1.016895643750367,0
1.73,0.999755859375,0.0107421875,-0.180908203125,-0.40458015267175573,2.5343511450381677,0.5954198473282443,1.0160486951445025,0
1.74,0.9833984375,0.01318359375,-0.1796875,-0.3816793893129771,2.900763358778626,0.6183206106870229,0.9997669186754763,0
1.75,0.981689453125,0.013427734375,-0.1875,-0.6183206106870229,2.7099236641221376,0.7709923664122137,0.999525255522494,0
1.76,0.968994140625,0.011474609375,-0.1806640625,-0.29770992366412213,2.6259541984732824,0.7404580152671756,0.985759004374241,0
1.77,0.9833984375,0.008544921875,-0.189453125,-0.6183206106870229,2.9160305343511452,0.5190839694656488,1.0015178426466285,0
1.78,0.999755859375,0.0126953125,-0.18408203125,-0.9465648854961832,2.717557251908397,0.7175572519083969,1.0166411085251488,0
1.79,0.98095703125,0.01171875,-0.1875,-0.5954198473282443,2.633587786259542,0.5725190839694656,0.9987843992876421,0
1.8,0.968994140625,0.007080078125,-0.182861328125,-0.8931297709923665,2.6106870229007635,0.8015267175572519,0.9861227293777775,0
1.81,0.981689453125,0.0107421875,-0.180419921875,-0.6717557251908397,2.8091603053435112,0.7786259541984732,0.9981888224071275,0
1.82,0.98583984375,0.014892578125,-0.182373046875,-0.6183206106870229,2.6946564885496183,0.6870229007633588,1.0026773731538499,0
1.83,0.985595703125,0.012451171875,-0.185302734375,-0.6717557251908397,2.801526717557252,0.9236641221374046,1.0029411872419915,0
1.84,0.999755859375,0.013427734375,-0.203125,-0.5114503816793893,2.4427480916030535,0.6106870229007634,1.0202704778783371,0
1.85,0.984130859375,0.011962890625,-0.182861328125,-0.3893129770992366,2.7557251908396947,0.6030534351145038,1.0010469142102785,0
1.86,0.986572265625,0.015625,-0.188720703125,-0.6793893129770993,2.7251908396946565,0.6106870229007634,1.0045817436691948,0
1.87,0.9853515625,0.010498046875,-0.1875,-0.5190839694656488,2.786259541984733,0.7175572519083969,1.003087314598974,0
1.88,0.98681640625,0.010009765625,-0.2021484375,-0.549618320610687,2.8625954198473282,0.8396946564885496,1.0073583304046896,0
1.89,0.9814453125,0.0107421875,-0.183349609375,-0.48091603053435117,2.931297709923664,0.7251908396946565,0.9984825362911827,0
1.9,0.985107421875,0.01220703125,-0.179931640625,-0.6641221374045801,2.6412213740458017,0.7099236641221374,1.0014794254217867,0
1.91,0.970458984375,0.0107421875,-0.181884765625,-0.6106870229007634,2.66412213740458,0.6106870229007634,0.9874148585639689,0
1.92,0.982421875,0.010986328125,-0.184814453125,-0.48854961832061067,2.7786259541984735,0.8320610687022901,0.9997148703345763,0
1.93,0.988037109375,0.011474609375,-0.18017578125,-0.7175572519083969,2.732824427480916,0.7557251908396947,1.00439648959535,0
1.94,0.98046875,0.01416015625,-0.18359375,-0.5343511450381679,2.8244274809160306,0.6717557251908397,0.9976102168636052,0
1.95,0.998046875,0.014892578125,-0.177001953125,-0.5038167938931297,2.633587786259542,0.6641221374045801,1.013730262441908,0
1.96,0.983642578125,0.01416015625,-0.184326171875,-0.5419847328244275,2.4732824427480917,0.816793893129771,1.000864311064948,0
1.97,0.9853515625,0.010009765625,-0.1826171875,-0.7862595419847328,2.7099236641221376,0.5572519083969466,1.0021810885760463,0
1.98,0.985107421875,0.012939453125,-0.184326171875,-0.8091603053435115,2.6259541984732824,0.8015267175572519,1.0022874835686992,0
1.99,0.99755859375,0.012939453125,-0.183349609375,-0.5648854961832062,2.519083969465649,0.9465648854961832,1.0143508548178075,0
2.0,0.98681640625,0.010986328125,-0.18408203125,-0.7709923664122137,2.6259541984732824,0.8244274809160306,1.0038991549348775,0
2.01,0.97021484375,0.011474609375,-0.18115234375,-0.7175572519083969,2.6106870229007635,0.7633587786259542,0.987048469599778,0
2.02,0.969482421875,0.010498046875,-0.18310546875,-0.5801526717557252,2.519083969465649,0.8854961832061069,0.9866782596160526,0
2.03,0.96875,0.0126953125,-0.181884765625,-0.6946564885496184,2.5267175572519083,0.7175572519083969,0.9857584904153419,0
2.04,0.96923828125,0.0087890625,-0.20263671875,-0.5267175572519084,2.4732824427480917,0.7480916030534351,0.9902331711500325,0
2.05,0.999755859375,0.01318359375,-0.185546875,-0.549618320610687,2.9160305343511452,0.6335877862595419,1.0169135795735424,0
2.06,0.98193359375,0.01171875,-0.1806640625,-0.5725190839694656,2.8473282442748094,0.6335877862595419,0.9984840585183904,0
2.07,0.986328125,0.01220703125,-0.184814453125,-0.4961832061068702,2.6412213740458017,0.44274809160305345,1.003567916915366,0
2.08,0.97021484375,0.012451171875,-0.18212890625,-0.6335877862595419,2.595419847328244,0.5038167938931297,0.9872399977744616,0
2.09,0.969970703125,0.01416015625,-0.181884765625,-0.48091603053435117,2.480916030534351,0.5267175572519084,0.9869780863384418,0
2.1,0.998291015625,0.01171875,-0.18359375,-0.916030534351145,2.7099236641221376,0.42748091603053434,1.0151004610471905,0
2.11,0.97119140625,0.0126953125,-0.18603515625,-0.6106870229007634,2.969465648854962,0.5572519083969466,0.9889302290325072,0
2.12,0.982177734375,0.008544921875,-0.184814453125,-0.5801526717557252,2.7251908396946565,0.6412213740458015,0.9994510991918267,0
2.13,0.9853515625,0.030029296875,-0.18408203125,-0.4732824427480916,2.6030534351145036,0.6870229007633588,1.0028487695665405,0
2.14,0.98583984375,0.01513671875,-0.172119140625,-0.6030534351145038,2.633587786259542,0.6946564885496184,1.0008667825185475,0
2.15,0.97265625,0.008544921875,-0.178466796875,-0.6030534351145038,2.7404580152671754,0.5877862595419847,0.9889305303916625,0
2.16,0.999267578125,0.010009765625,-0.185302734375,-0.45038167938931295,2.6793893129770994,0.549618320610687,1.0163527888811652,0
2.17,0.979736328125,0.010498046875,-0.18310546875,-0.4961832061068702,2.6793893129770994,0.42748091603053434,0.996755283067115,0
2.18,0.986572265625,0.01318359375,-0.183837890625,-0.5343511450381679,2.854961832061069,0.6106870229007634,1.0036408782398514,0
2.19,0.983642578125,0.013671875,-0.182861328125,-0.6335877862595419,2.66412213740458,0.7480916030534351,1.0005887801639848,0
2.2,0.98291015625,0.01220703125,-0.1826171875,-0.4198473282442748,2.5801526717557253,0.6717557251908397,0.9998051930459994,0
2.21,0.969482421875,0.014892578125,-0.18212890625,-0.5267175572519084,2.5343511450381677,0.6183206106870229,0.9865540500649956,0
2.22,0.982177734375,0.010986328125,-0.183837890625,-0.5801526717557252,2.5267175572519083,0.8625954198473282,0.9992948370411646,0
2.23,0.987548828125,0.013916015625,-0.183349609375,-0.5725190839694656,2.633587786259542,0.7709923664122137,1.004521489406723,0
2.24,0.999755859375,0.012451171875,-0.18408203125,-0.6106870229007634,2.50381679389313,0.7022900763358778,1.0166380891275084,0
2.25,0.984619140625,0.013671875,-0.180908203125,-0.32061068702290074,2.5877862595419847,0.8549618320610687,1.0011940622122393,0
2.26,0.982177734375,0.011962890625,-0.18408203125,-0.7709923664122137,2.564885496183206,0.6641221374045801,0.9993509928364707,0
2.27,0.98828125,0.01171875,-0.184814453125,-0.6793893129770993,2.6946564885496183,0.7709923664122137,1.005481745377318,0
2.28,0.9716796875,0.009033203125,-0.18896484375,-0.6793893129770993,2.786259541984733,0.7099236641221374,0.9899246062363826,0
2.29,0.986083984375,0.011962890625,-0.184326171875,-0.45038167938931295,2.648854961832061,0.7633587786259542,1.0032352030461615,0
2.3,0.98583984375,0.012451171875,-0.185791015625,-0.7251908396946565,2.450381679389313,0.6412213740458015,1.0032714142708612,0
2.31,0.98486328125,0.013427734375,-0.18359375,-0.3282442748091603,2.618320610687023,0.6564885496183206,1.0019194837131498,0
2.32,0.986328125,0.010498046875,-0.172607421875,-0.5954198473282443,2.732824427480916,0.8320610687022901,1.0013724088672205,0
2.33,0.983154296875,0.02880859375,-0.188720703125,-0.5801526717557252,2.5114503816793894,0.6335877862595419,1.0015177533751574,0
2.34,0.9833984375,0.0146484375,-0.180419921875,-0.48091603053435117,2.7480916030534353,0.6641221374045801,0.9999192026399003,0
2.35,0.981201171875,0.01025390625,-0.182861328125,-0.5877862595419847,2.687022900763359,0.816793893129771,0.9981478585890449,0
2.36,0.9814453125,0.02734375,-0.17724609375,-0.4961832061068702,2.7022900763358777,0.5801526717557252,0.9976967273885983,0
2.37,0.986328125,0.01318359375,-0.1806640625,-0.44274809160305345,2.519083969465649,0.5419847328244275,1.0028242521943636,0
2.38,0.983642578125,0.013671875,-0.18505859375,-0.6717557251908397,2.7786259541984735,0.6946564885496184,1.0009926696970062,0
2.39,0.996826171875,0.01025390625,-0.18408203125,-55.99236641221374,-248.1908396946565,-71.79389312977099,1.0137325849342502,0
2.4,2.0,-0.431396484375,0.75,-11.86259541984733,70.74809160305344,-16.35114503816794,2.179128937610418,1
2.41,0.84375,-0.035888671875,1.99267578125,-0.7099236641221374,-16.396946564885496,-18.16030534351145,2.1642455564120375,1
2.42,1.24462890625,0.1259765625,0.037353515625,6.694656488549619,-37.19847328244275,11.450381679389313,1.2515456418772488,1
2.43,-0.075439453125,0.148193359375,-0.28662109375,9.48091603053435,-15.954198473282442,28.862595419847327,0.3313669178314173,1
2.44,1.99993896484375,-0.10888671875,0.0634765625,13.572519083969466,-55.70992366412214,21.328244274809162,2.003906548371767,1
2.45,0.1328125,0.008544921875,-0.292236328125,10.183206106870228,-67.29007633587786,19.66412213740458,0.32111407213338145,1
2.46,1.2119140625,-0.00537109375,-0.14599609375,14.404580152671755,-8.282442748091603,103.1145038167939,1.2206880858448583,1
2.47,1.99993896484375,0.75390625,-1.996337890625,8.763358778625955,-42.67175572519084,-5.404580152671755,2.9246359551975742,1
2.48,0.01171875,-0.21484375,-0.4482421875,-4.748091603053435,20.84732824427481,-7.1679389312977095,0.4972084318174926,1
2.49,1.25537109375,-0.083984375,0.218017578125,-0.12213740458015267,17.954198473282442,-9.244274809160306,1.2769266316584922,1
2.5,0.6005859375,0.00634765625,-0.13037109375,0.8625954198473282,1.1755725190839694,2.3206106870229006,0.614605876272098,0
2.51,1.088134765625,0.07080078125,-0.251220703125,2.351145038167939,-2.6030534351145036,13.450381679389313,1.1190003844798282,0
2.52,1.60205078125,-0.0595703125,-0.361083984375,-0.3893129770992366,10.49618320610687,-3.312977099236641,1.64331888920173,1
2.53,0.972412109375,-0.00341796875,-0.181396484375,-3.7709923664122136,2.8702290076335877,-3.1908396946564888,0.9891924370480815,0
2.54,0.823486328125,0.04541015625,-0.176513671875,1.7938931297709924,-3.786259541984733,4.66412213740458,0.8434150172117163,0
2.55,1.00634765625,0.0263671875,-0.23291015625,-0.3893129770992366,-2.7404580152671754,1.534351145038168,1.0332850403934666,0
2.56,0.84765625,0.004638671875,-0.199462890625,-0.9923664122137404,4.396946564885496,-0.648854961832061,0.8708203489683203,0
2.57,0.996337890625,0.026611328125,-0.190185546875,-0.366412213740458,0.9236641221374046,1.6564885496183206,1.0146762524666642,0
2.58,0.992919921875,0.009765625,-0.187744140625,-0.4122137404580153,5.0458015267175576,1.786259541984733,1.0105608348966015,0
2.59,0.97216796875,0.012451171875,-0.220458984375,-0.7022900763358778,2.6564885496183206,0.40458015267175573,0.996929162446469,0
2.6,0.98828125,0.01318359375,-0.20654296875,-0.366412213740458,2.099236641221374,0.8396946564885496,1.009719581956194,0
2.61,0.958984375,0.009521484375,-0.1982421875,-0.5190839694656488,2.763358778625954,0.44274809160305345,0.9793067216473239,0
2.62,0.978271484375,0.003173828125,-0.216552734375,-0.8702290076335878,3.8931297709923665,0.5725190839694656,1.001958211250111,0
2.63,0.979736328125,0.0302734375,-0.20166015625,-0.6412213740458015,2.549618320610687,0.9236641221374046,1.0007330174850326,0
2.64,0.98095703125,0.01513671875,-0.213134765625,-0.6183206106870229,2.7251908396946565,0.8931297709923665,1.0039582888404048,0
2.65,0.9775390625,0.016845703125,-0.211669921875,-0.8015267175572519,2.5572519083969465,0.35877862595419846,1.0003352199406572,0
2.66,0.977294921875,0.010009765625,-0.202880859375,-0.6870229007633588,2.7938931297709924,0.8015267175572519,0.9981814478496724,0
2.67,0.977294921875,0.00830078125,-0.2119140625,-0.7251908396946565,2.404580152671756,0.7175572519083969,1.000040917751507,0
2.68,0.977783203125,0.00537109375,-0.213623046875,-0.7175572519083969,2.435114503816794,0.7938931297709924,1.000861452508595,0
2.69,0.9814453125,0.006591796875,-0.21337890625,-0.5038167938931297,2.572519083969466,0.6106870229007634,1.004394798297318,0
2.7,0.98095703125,0.00732421875,-0.212890625,-0.6106870229007634,2.519083969465649,0.5343511450381679,1.0038190870630035,0
2.71,0.9775390625,0.012451171875,-0.215087890625,-0.5572519083969466,2.7251908396946565,0.8625954198473282,1.00099972581812,0
2.72,0.980224609375,0.006591796875,-0.216064453125,-0.31297709923664124,2.5267175572519083,0.7251908396946565,1.0037766606743843,0
2.73,0.980224609375,0.01220703125,-0.20751953125,-0.5725190839694656,2.564885496183206,0.7938931297709924,1.002024776283765,0
2.74,0.980712890625,0.012451171875,-0.208740234375,-0.5572519083969466,2.549618320610687,0.7786259541984732,1.0027588398842635,0
2.75,0.980224609375,0.013916015625,-0.212158203125,-0.5801526717557252,2.6946564885496183,0.8854961832061069,1.0030179676698097,0
2.76,0.978515625,0.00927734375,-0.206298828125,-0.4122137404580153,2.480916030534351,0.7251908396946565,1.0000690495970488,0
2.77,0.979248046875,0.012451171875,-0.208740234375,-0.6641221374045801,2.564885496183206,0.7175572519083969,1.001326247751697,0
2.78,0.982666015625,0.0107421875,-0.208251953125,-0.6335877862595419,2.5877862595419847,0.5572519083969466,1.004548042075129,0
2.79,0.978515625,0.01220703125,-0.205322265625,-0.7404580152671756,2.5114503816793894,0.6412213740458015,0.9998995313242537,0
2.8,0.98388671875,0.010498046875,-0.20361328125,-0.6793893129770993,2.801526717557252,0.8320610687022901,1.00478935733925,0
2.81,0.9794921875,0.010986328125,-0.2080078125,-0.6946564885496184,2.83206106870229,0.7480916030534351,1.0013954737466315,0
2.82,0.976806640625,0.0126953125,-0.206787109375,-0.7251908396946565,2.687022900763359,0.6870229007633588,0.998535574094503,0
2.83,0.978515625,0.009521484375,-0.208251953125,-0.4580152671755725,2.595419847328244,0.3282442748091603,1.0004760681866514,0
2.84,0.97509765625,0.011962890625,-0.2080078125,-0.5419847328244275,2.564885496183206,0.732824427480916,0.9971087202694519,0
2.85,0.978759765625,0.01123046875,-0.206787109375,-0.6412213740458015,2.7022900763358777,0.6564885496183206,1.0004287635000895,0
2.86,0.980712890625,0.010498046875,-0.2080078125,-0.44274809160305345,2.480916030534351,0.6793893129770993,1.0025842771993125,0
2.87,0.97607421875,0.0126953125,-0.203369140625,-0.6183206106870229,2.877862595419847,0.45038167938931295,0.9971163717573023,0
2.88,0.982177734375,0.011474609375,-0.207763671875,-0.6946564885496184,2.6564885496183206,0.7709923664122137,1.0039773463147958,0
2.89,0.979248046875,0.011474609375,-0.218017578125,-0.3969465648854962,2.687022900763359,0.7786259541984732,1.0032896233592279,0
2.9,0.978759765625,0.0107421875,-0.20458984375,-0.3816793893129771,2.564885496183206,0.9847328244274809,0.9999715383770877,0
2.91,0.98193359375,0.010009765625,-0.207275390625,-0.5725190839694656,2.50381679389313,0.6564885496183206,1.0036218737659137,0
2.92,0.976806640625,0.011962890625,-0.21142578125,-0.5267175572519084,2.687022900763359,0.7862595419847328,0.9994974661790677,0
2.93,0.976318359375,0.0078125,-0.210693359375,-0.6641221374045801,2.8396946564885495,0.44274809160305345,0.9988244418783836,0
2.94,0.98193359375,0.013916015625,-0.2060546875,-0.7480916030534351,2.427480916030534,1.015267175572519,1.0034170480245928,0
2.95,0.977783203125,0.010986328125,-0.209716796875,-0.8396946564885496,2.6793893129770994,0.7022900763358778,1.000080910032066,0
2.96,0.97900390625,0.01123046875,-0.20703125,-0.6564885496183206,2.564885496183206,0.8549618320610687,1.0007180973469332,0
2.97,0.978271484375,0.00927734375,-0.214111328125,-0.5801526717557252,2.595419847328244,0.1984732824427481,1.001471331132236,0
2.98,0.969970703125,2.0,2.0,-15.969465648854962,-57.12977099236641,-3.0916030534351147,2.9901242724878188,0
2.99,1.35931396484375,-0.588623046875,-0.657470703125,-2.0381679389312977,60.37404580152672,-3.4732824427480917,1.620641623493401,1
3.0,1.99993896484375,0.165771484375,-0.1806640625,-2.6412213740458017,-21.389312977099237,15.633587786259541,2.0149132863751693,1
3.01,0.9638671875,0.081787109375,0.18115234375,5.801526717557252,-42.47328244274809,37.6412213740458,0.98414696973836,1
3.02,1.99993896484375,-0.1787109375,-0.042724609375,5.366412213740458,-78.06106870229007,27.427480916030536,2.0083622319015726,1
3.03,-0.325439453125,-0.174072265625,-0.218505859375,5.8320610687022905,-61.534351145038165,18.580152671755727,0.42890185577976564,1
3.04,0.980712890625,0.05908203125,-0.361328125,7.793893129770993,-38.86259541984733,6.717557251908397,1.0468268596910784,1
3.05,0.164306640625,-0.017333984375,-0.2109375,51.51908396946565,151.70992366412213,57.38167938931298,0.2679398590617597,1
3.06,0.090576171875,-0.00439453125,0.31884765625,1.183206106870229,11.877862595419847,-3.2290076335877864,0.33149235694440216,1
3.07,1.989013671875,0.02734375,-1.33154296875,1.2748091603053435,30.793893129770993,4.969465648854962,2.3937271659897448,1
3.08,1.99993896484375,0.030517578125,0.06005859375,-0.16030534351145037,-13.65648854961832,29.83206106870229,2.001073267113959,1
3.09,-1.156982421875,-0.209228515625,-0.900390625,-5.732824427480916,-22.954198473282442,-5.129770992366412,1.4809078883800546,1
3.1,0.10009765625,0.155517578125,-0.456787109375,0.33587786259541985,1.4732824427480915,-1.8015267175572518,0.49280799626606797,0
3.11,0.60595703125,0.041015625,-0.008544921875,-1.1221374045801527,5.190839694656488,-2.633587786259542,0.6074036721203651,0
3.12,1.00390625,0.037109375,-0.21044921875,-0.6564885496183206,8.526717557251908,0.732824427480916,1.026398430520253,0
3.13,1.148193359375,0.013916015625,-0.197998046875,-0.22900763358778625,0.2366412213740458,3.053435114503817,1.1652230999126467,0
3.14,0.931884765625,0.010986328125,-0.1923828125,-0.6412213740458015,1.5038167938931297,-0.022900763358778626,0.9515992130908062,0
3.15,0.911376953125,0.02099609375,-0.23046875,-0.5648854961832062,2.4885496183206106,-0.45038167938931295,0.9403002878691092,0
3.16,0.9931640625,0.0087890625,-0.21240234375,-0.35877862595419846,2.6030534351145036,1.465648854961832,1.0156607988357265,0
3.17,1.001953125,0.00732421875,-0.212158203125,-0.5954198473282443,2.66412213740458,0.9312977099236641,1.0241947139244532,0
3.18,0.9541015625,0.00439453125,-0.2041015625,-0.7022900763358778,3.2061068702290076,-1.8396946564885497,0.9756979815930696,0
3.19,0.97314453125,0.013916015625,-0.198974609375,-0.6106870229007634,2.381679389312977,0.7786259541984732,0.9933754725020099,0
3.2,0.987060546875,0.01025390625,-0.2041015625,-0.3511450381679389,2.49618320610687,0.9923664122137404,1.0079936079189686,0
3.21,0.978271484375,0.002197265625,-0.20703125,-0.7404580152671756,2.9160305343511452,0.5877862595419847,0.9999409300523983,0
3.22,0.977783203125,0.012451171875,-0.201904296875,-0.21374045801526717,2.3587786259541983,0.8244274809160306,0.9984890430500647,0
3.23,0.984130859375,0.011962890625,-0.20849609375,-0.7786259541984732,2.450381679389313,0.7251908396946565,1.0060453668872447,0
3.24,0.979248046875,0.005126953125,-0.206787109375,-0.5038167938931297,2.801526717557252,0.7175572519083969,1.000856598899421,0
3.25,0.97265625,0.00927734375,-0.2177734375,-0.46564885496183206,2.687022900763359,0.5725190839694656,0.9967805775855008,0
3.26,0.98291015625,0.00927734375,-0.211181640625,-0.5114503816793893,2.618320610687023,0.8778625954198473,1.0053835734203747,0
3.27,0.97900390625,0.0107421875,-0.217041015625,-0.5648854961832062,2.8091603053435112,0.5114503816793893,1.0028314143008163,0
3.28,0.981201171875,0.0087890625,-0.19970703125,-0.8702290076335878,2.7251908396946565,0.8702290076335878,1.0013570220651526,0
3.29,0.9814453125,0.0126953125,-0.20458984375,-0.6259541984732825,2.4122137404580153,0.7557251908396947,1.002623097955231,0
3.3,0.983154296875,0.013916015625,-0.207763671875,-0.9541984732824428,2.6946564885496183,0.8091603053435115,1.0049635666558432,0
3.31,0.96875,0.013671875,-0.206298828125,-0.7557251908396947,2.648854961832061,0.7557251908396947,0.9905668524394322,0
3.32,0.981689453125,0.0126953125,-0.205810546875,-0.5877862595419847,2.366412213740458,0.6946564885496184,1.0031118255415599,0
3.33,0.9755859375,0.011962890625,-0.209228515625,-0.648854961832061,2.4580152671755724,0.6412213740458015,0.997841472354452,0
3.34,0.9794921875,0.0146484375,-0.19140625,-0.4961832061068702,2.763358778625954,0.4732824427480916,0.9981261817194202,0
3.35,0.980712890625,0.009033203125,-0.208740234375,-0.7480916030534351,2.931297709923664,0.7480916030534351,1.0027222237707065,0
3.36,0.979248046875,0.0107421875,-0.20458984375,-0.48854961832061067,2.4580152671755724,0.6870229007633588,1.000449467022916,0
3.37,0.98193359375,0.01513671875,-0.203857421875,-0.3435114503816794,2.6564885496183206,0.732824427480916,1.0029858180666507,0
3.38,0.98291015625,0.0107421875,-0.203857421875,-0.6793893129770993,2.8396946564885495,0.7633587786259542,1.0038852615240481,0
3.39,0.976806640625,0.012939453125,-0.209716796875,-0.6259541984732825,2.732824427480916,0.7022900763358778,0.9991495271018157,0
3.4,0.982666015625,0.005615234375,-0.205322265625,-0.6106870229007634,2.3969465648854964,0.7938931297709924,1.0039030141815404,0
3.41,0.984130859375,0.012939453125,-0.202392578125,-0.6335877862595419,2.6564885496183206,0.6641221374045801,1.0048102972708004,0
3.42,0.97802734375,0.012451171875,-0.189208984375,-0.6870229007633588,2.931297709923664,0.9618320610687023,0.9962392065021134,0
3.43,0.98095703125,0.014404296875,-0.21337890625,-0.6106870229007634,2.83206106870229,0.6412213740458015,1.0039993717924942,0
3.44,0.98046875,0.012451171875,-0.20458984375,-0.5190839694656488,2.5877862595419847,0.5954198473282443,1.001664118142041,0
3.45,0.980224609375,0.013671875,-0.209716796875,-0.8549618320610687,2.7557251908396947,0.7022900763358778,1.0025010423345688,0
3.46,0.979248046875,0.012451171875,-0.210693359375,-0.9389312977099237,2.5267175572519083,0.7557251908396947,1.0017352248345297,0
3.47,0.978271484375,0.013916015625,-0.189453125,-0.7404580152671756,2.763358778625954,0.7862595419847328,0.9965446498799774,0
3.48,0.9814453125,0.010986328125,-0.21875,-0.3969465648854962,2.9236641221374047,0.6412213740458015,1.0055879689683507,0
3.49,0.9794921875,0.010498046875,-0.206298828125,-0.6564885496183206,2.6564885496183206,0.8396946564885496,1.0010366431092685,0
3.5,0.9814453125,0.01025390625,-0.209716796875,-0.6030534351145038,2.717557251908397,0.8244274809160306,1.003653913913116,0
3.51,0.978271484375,0.008056640625,-0.208251953125,-0.4580152671755725,2.6259541984732824,0.7099236641221374,1.000224416108607,0
3.52,0.98046875,0.014892578125,-0.188720703125,-0.7175572519083969,2.8702290076335877,0.6793893129770993,0.9985771189035758,0
3.53,0.983642578125,0.012939453125,-0.189453125,-0.5801526717557252,2.5877862595419847,1.0229007633587786,1.0018046903063673,0
3.54,0.980712890625,0.01220703125,-0.210205078125,-0.5190839694656488,2.8244274809160306,0.7404580152671756,1.003061792871964,0
3.55,0.97607421875,0.01171875,-0.205322265625,-0.6183206106870229,2.5801526717557253,0.8244274809160306,0.9975046076943045,0
3.56,0.983154296875,0.0087890625,-0.208984375,-0.8091603053435115,2.7404580152671754,0.48854961832061067,1.00515873775118,0
3.57,0.980224609375,0.008544921875,-0.209228515625,-0.7022900763358778,2.7786259541984735,0.6183206106870229,1.0023421931979428,0
3.58,0.984130859375,0.010498046875,-0.20703125,-0.6641221374045801,2.6106870229007635,0.7404580152671756,1.0057264517943874,0
3.59,0.98046875,0.0107421875,-0.2099609375,-0.46564885496183206,2.8396946564885495,0.7175572519083969,1.0027551842771627,0
3.6,0.981201171875,0.00927734375,-0.20751953125,-0.6870229007633588,2.7404580152671754,0.7709923664122137,1.0029487348046005,0
3.61,0.977783203125,0.013916015625,-0.213134765625,-0.6793893129770993,2.7557251908396947,0.5343511450381679,1.0008396855252513,0
3.62,0.99609375,0.012451171875,-0.206298828125,-0.6564885496183206,2.6946564885496183,0.7251908396946565,1.0173087028802377,0
3.63,0.9794921875,0.01123046875,-0.201416015625,-0.7099236641221374,2.6717557251908395,0.7175572519083969,1.000049738839089,0
3.64,0.979736328125,0.0107421875,-0.20947265625,-0.24427480916030533,2.572519083969466,0.648854961832061,1.0019368547750769,0
3.65,0.9814453125,0.013916015625,-0.192138671875,-0.4351145038167939,2.732824427480916,0.732824427480916,1.0001728981276121,0
3.66,0.980712890625,0.010986328125,-0.207763671875,-0.6183206106870229,2.564885496183206,0.8702290076335878,1.0025388853279937,0
3.67,0.981201171875,0.011962890625,-0.209228515625,-0.7175572519083969,2.732824427480916,0.6946564885496184,1.0033321594525015,0
3.68,0.98095703125,0.009033203125,-0.20654296875,-0.6870229007633588,2.6793893129770994,0.8015267175572519,1.002506006893512,0
3.69,0.982666015625,0.011474609375,-0.20263671875,-0.8244274809160306,2.8396946564885495,0.5572519083969466,1.003407098196135,0
3.7,0.980712890625,0.010986328125,-0.209228515625,-0.5801526717557252,2.717557251908397,0.8473282442748091,1.0028434798084664,0
3.71,0.97802734375,0.01220703125,-0.20458984375,-0.549618320610687,2.6412213740458017,0.5190839694656488,0.9992714850831422,0
3.72,0.980712890625,0.009765625,-0.20361328125,-0.4351145038167939,2.8244274809160306,0.648854961832061,1.001674353056459,0
3.73,0.980712890625,0.013427734375,-0.206298828125,-0.5038167938931297,2.687022900763359,0.6183206106870229,1.0022660746399816,0
3.74,0.982666015625,0.01220703125,-0.207763671875,-0.8931297709923665,2.6717557251908395,0.732824427480916,1.004463664463396,0
3.75,0.983154296875,0.029296875,-0.217041015625,-0.7709923664122137,2.6030534351145036,0.6946564885496184,1.0072524414525252,0
3.76,0.983154296875,0.009033203125,-0.20947265625,-0.7557251908396947,2.7022900763358777,0.6106870229007634,1.0052625348330175,0
3.77,0.978515625,0.00732421875,-0.19677734375,-0.7099236641221374,2.633587786259542,0.5877862595419847,0.998132153355829,0
3.78,0.977294921875,0.011962890625,-0.208251953125,-0.6412213740458015,2.8396946564885495,0.4198473282442748,0.9993084363974645,0
3.79,0.9775390625,0.010986328125,-0.210693359375,-0.6259541984732825,2.5877862595419847,0.7099236641221374,1.0000475037735816,0
3.8,0.97802734375,0.011474609375,-0.209228515625,-0.7633587786259542,2.6717557251908395,0.6946564885496184,1.0002228369386645,0
3.81,0.977783203125,0.0078125,-0.203369140625,-0.6259541984732825,2.6412213740458017,0.6793893129770993,0.9987392226343101,0
3.82,0.977783203125,0.01123046875,-0.208251953125,-0.48091603053435117,2.816793893129771,0.5038167938931297,0.9997774711014982,0
3.83,0.97802734375,0.0126953125,-0.210205078125,-0.6717557251908397,2.83206106870229,0.46564885496183206,1.000442317653392,0
3.84,0.9814453125,0.01513671875,-0.2109375,-0.8320610687022901,2.4732824427480917,0.7175572519083969,1.0039714391301124,0
3.85,0.984130859375,0.013427734375,-0.20947265625,-0.7175572519083969,2.763358778625954,0.5343511450381679,1.0062666873851347,0
3.86,0.982421875,0.01220703125,-0.218505859375,-0.5648854961832062,2.717557251908397,0.8320610687022901,1.0065021424078844,0
3.87,0.98095703125,0.009521484375,-0.209228515625,-0.7251908396946565,2.6259541984732824,0.7709923664122137,1.0030672597459045,0
3.88,0.982177734375,0.010986328125,-0.206787109375,-0.8244274809160306,2.7480916030534353,0.6412213740458015,1.003770247572295,0
3.89,0.980712890625,0.008056640625,-0.209228515625,-0.6793893129770993,2.816793893129771,0.6641221374045801,1.0028156635428291,0
3.9,0.977783203125,0.007080078125,-0.2080078125,-0.5725190839694656,2.83206106870229,0.8702290076335878,0.9996886364667132,0
3.91,0.979736328125,0.014404296875,-0.205078125,-0.3969465648854962,2.6793893129770994,0.7404580152671756,1.0010733208760667,0
3.92,0.97998046875,0.013916015625,-0.208984375,-0.7251908396946565,2.633587786259542,0.5801526717557252,1.0021126900785589,0
3.93,0.979736328125,0.00927734375,-0.2080078125,-0.6106870229007634,2.854961832061069,0.5038167938931297,1.0016169885819373,0
3.94,0.9794921875,0.013427734375,-0.206298828125,-0.7480916030534351,2.5877862595419847,0.7633587786259542,1.0010716537340016,0
3.95,0.983154296875,0.013671875,-0.210205078125,-0.7404580152671756,2.732824427480916,0.8091603053435115,1.0054677849137328,0
3.96,0.980712890625,0.009033203125,-0.20556640625,-0.45038167938931295,2.450381679389313,0.648854961832061,1.0020663251378528,0
3.97,0.98193359375,0.010009765625,-0.205322265625,-0.6870229007633588,2.7480916030534353,0.6335877862595419,1.003220320121179,0
3.98,0.983154296875,0.01123046875,-0.208251953125,-0.732824427480916,2.9389312977099236,0.6412213740458015,1.0050310298057954,0
3.99,0.98046875,0.010498046875,-0.206298828125,-0.5038167938931297,2.7480916030534353,0.5114503816793893,1.0019922081535866,0
4.0,0.977783203125,0.010498046875,-0.20556640625,-0.4351145038167939,2.732824427480916,0.5648854961832062,0.9992135651001315,0
4.01,0.980224609375,0.01171875,-0.20654296875,-0.8091603053435115,2.6793893129770994,0.9083969465648855,1.0018171549070205,0
4.02,0.979736328125,0.01123046875,-0.20703125,-0.6717557251908397,2.5801526717557253,0.8625954198473282,1.0014346381830244,0
4.03,0.97509765625,0.00830078125,-0.218505859375,-0.5877862595419847,2.7709923664122136,0.5725190839694656,0.9993143413234951,0
4.04,0.982177734375,0.00830078125,-0.206298828125,-0.7175572519083969,2.633587786259542,0.816793893129771,1.0036439664328765,0
4.05,0.97998046875,0.011474609375,-0.188720703125,-0.7175572519083969,2.5343511450381677,0.549618320610687,0.9980525485062262,0
4.06,0.983642578125,0.011474609375,-0.207275390625,-0.6793893129770993,2.5114503816793894,0.6564885496183206,1.00530964171217,0
4.07,0.979248046875,0.00830078125,-0.20703125,-0.31297709923664124,2.7709923664122136,0.8778625954198473,1.0009283584525044,0
4.08,0.978759765625,0.013916015625,-0.2060546875,-0.5190839694656488,2.7404580152671754,0.48091603053435117,1.0003113857883967,0
4.09,0.97998046875,0.008544921875,-0.210693359375,-0.5877862595419847,2.7022900763358777,0.549618320610687,1.0024103084595861,0
4.1,0.9775390625,0.01171875,-0.202880859375,-0.6183206106870229,2.648854961832061,0.5648854961832062,0.9984390772178741,0
4.11,0.983642578125,0.014892578125,-0.2041015625,-0.48091603053435117,2.9236641221374047,0.8625954198473282,1.0047049110054889,0
4.12,0.979248046875,0.013427734375,-0.19775390625,-0.6793893129770993,2.7404580152671754,0.6641221374045801,0.9991064251600434,0
4.13,0.98046875,0.009521484375,-0.20556640625,-0.46564885496183206,2.6106870229007635,0.37404580152671757,1.0018319099378927,0
4.14,0.980224609375,0.014892578125,-0.209716796875,-0.6946564885496184,2.6946564885496183,0.5572519083969466,1.0025184330470391,0
4.15,0.98046875,0.01123046875,-0.2041015625,-0.648854961832061,2.5419847328244276,0.8091603053435115,1.001550069127774,0
4.16,0.977783203125,0.006103515625,-0.207275390625,-0.6793893129770993,2.5343511450381677,0.7862595419847328,0.9995300559638595,0
4.17,0.98046875,0.0126953125,-0.2001953125,-0.732824427480916,2.6717557251908395,0.6717557251908397,1.0007788486139222,0
4.18,0.977783203125,0.0107421875,-0.204345703125,-0.5877862595419847,2.7251908396946565,0.6259541984732825,0.9989657418006489,0
4.19,0.97607421875,0.01220703125,-0.2080078125,-0.8091603053435115,2.6412213740458017,0.8396946564885496,0.9980667022706431,0
4.2,0.980224609375,0.010498046875,-0.20703125,-0.5648854961832062,2.6106870229007635,0.7022900763358778,1.0019044027696073,0
4.21,0.9775390625,0.0107421875,-0.205810546875,-0.37404580152671757,2.572519083969466,0.7404580152671756,0.9990275244009299,0
4.22,0.974853515625,0.014404296875,-0.2109375,-0.4732824427480916,2.5801526717557253,0.4961832061068702,0.9975176638040728,0
4.23,0.983154296875,0.010009765625,-0.210205078125,-0.6335877862595419,2.6946564885496183,0.5877862595419847,1.0054246574165469,0
4.24,0.982421875,0.013916015625,-0.20751953125,-0.6335877862595419,2.885496183206107,0.5419847328244275,1.0041965703086277,0
4.25,0.97998046875,0.009765625,-0.210205078125,-0.5725190839694656,2.633587786259542,0.8015267175572519,1.0023189419703928,0
4.26,0.984375,0.014404296875,-0.2060546875,-0.5725190839694656,2.732824427480916,0.8396946564885496,1.0058131827701333,0
4.27,0.97802734375,0.0068359375,-0.20556640625,-0.5190839694656488,2.854961832061069,0.9007633587786259,0.999420713484929,0
4.28,0.976318359375,0.015380859375,-0.2021484375,-0.7251908396946565,2.6717557251908395,0.7557251908396947,0.9971449746508763,0
4.29,0.98291015625,0.011474609375,-0.2041015625,-0.8015267175572519,2.7557251908396947,0.8702290076335878,1.0039429713557686,0
4.3,0.977783203125,0.013916015625,-0.206298828125,-0.6946564885496184,2.5801526717557253,0.6335877862595419,0.9994062508759931,0
4.31,0.977783203125,0.00830078125,-0.203369140625,-0.45038167938931295,2.801526717557252,0.7251908396946565,0.9987431614991396,0
4.32,0.98046875,0.029541015625,-0.21044921875,-0.916030534351145,2.5877862595419847,0.5877862595419847,1.0032350248088453,0
4.33,0.982421875,0.000244140625,-0.21044921875,-0.6183206106870229,2.7709923664122136,0.6335877862595419,1.0047097460240175,0
4.34,0.98046875,0.006591796875,-0.210205078125,-0.6717557251908397,2.6793893129770994,0.7786259541984732,1.0027704604654752,0
4.35,0.976806640625,0.011962890625,-0.20703125,-0.6870229007633588,2.7786259541984735,0.6030534351145038,0.9985771189035758,0
4.36,0.9794921875,0.006103515625,-0.203857421875,-0.5725190839694656,2.595419847328244,0.7404580152671756,1.0004998984158078,0
4.37,0.978759765625,0.013671875,-0.20458984375,-0.46564885496183206,2.49618320610687,0.4580152671755725,1.0000073015423288,0
4.38,0.98193359375,0.01220703125,-0.208984375,-0.5801526717557252,2.6946564885496183,0.8473282442748091,1.0040005294524845,0
4.39,0.978515625,0.0107421875,-0.206298828125,-0.40458015267175573,2.7557251908396947,0.7404580152671756,1.0000837112198029,0
4.4,0.978759765625,0.013671875,-0.2021484375,-0.6717557251908397,2.5114503816793894,0.4961832061068702,0.9995106751586058,0
4.41,0.978271484375,0.015380859375,-0.21484375,-0.5877862595419847,2.6946564885496183,0.6946564885496184,1.0017033018266646,0
4.42,0.981689453125,0.009033203125,-0.20751953125,-0.5343511450381679,2.633587786259542,0.7938931297709924,1.003424205899867,0
4.43,0.977783203125,0.013916015625,-0.210205078125,-0.366412213740458,2.6412213740458017,0.5801526717557252,1.000219887161717,0
4.44,0.978271484375,0.01318359375,-0.20947265625,-0.4961832061068702,2.6793893129770994,0.6717557251908397,1.0005337065795743,0
4.45,0.979736328125,0.010498046875,-0.204345703125,-0.6946564885496184,2.7786259541984735,0.7099236641221374,1.0008749412497537,0
4.46,0.982666015625,0.01171875,-0.209228515625,-0.8549618320610687,2.5419847328244276,0.7480916030534351,1.0047618618939098,0
4.47,0.984375,0.012939453125,-0.2080078125,-0.6183206106870229,2.6259541984732824,0.5419847328244275,1.006195219693082,0
4.48,0.980224609375,0.0107421875,-0.20654296875,-0.5801526717557252,2.6717557251908395,0.5877862595419847,1.0018062074856193,0
4.49,0.98095703125,0.01123046875,-0.205078125,-0.7633587786259542,2.9160305343511452,0.6030534351145038,1.0022274482075781,0
4.5,0.97802734375,0.013427734375,-0.20458984375,-0.5114503816793893,2.5267175572519083,0.6259541984732825,0.9992871425865418,0
4.51,0.98046875,0.009521484375,-0.206787109375,-0.5267175572519084,2.4732824427480917,0.6259541984732825,1.0020830988470637,0
4.52,0.983154296875,0.014892578125,-0.20849609375,-0.3816793893129771,2.595419847328244,0.8396946564885496,1.0051292361960196,0
4.53,0.977783203125,0.010498046875,-0.211181640625,-0.4961832061068702,2.7251908396946565,0.7099236641221374,1.0003838696413698,0
4.54,0.979736328125,0.01025390625,-0.208740234375,-0.3053435114503817,2.7099236641221376,0.6870229007633588,1.0017788681581237,0
4.55,0.976318359375,0.011474609375,-0.214111328125,-0.6030534351145038,2.7480916030534353,0.7404580152671756,0.9995863476180794,0
4.56,0.98291015625,0.011962890625,-0.20947265625,-0.5877862595419847,2.6793893129770994,0.7557251908396947,1.0050543665533402,0
4.57,0.978759765625,0.011962890625,-0.20361328125,-0.5419847328244275,2.9389312977099236,0.7480916030534351,0.9997860560438929,0
4.58,0.9814453125,0.009765625,-0.20654296875,-0.5419847328244275,2.6564885496183206,0.6412213740458015,1.0029906613722417,0
4.59,0.979736328125,0.009765625,-0.203125,-0.5877862595419847,2.7022900763358777,1.0763358778625953,1.0006190112647761,0
4.6,0.977294921875,0.01416015625,-0.20654296875,-0.5954198473282443,2.717557251908397,0.8625954198473282,0.9989824184077266,0
4.61,0.980224609375,0.013671875,-0.205322265625,-0.6259541984732825,2.885496183206107,0.6259541984732825,1.0015909533096683,0
4.62,0.978515625,0.00830078125,-0.207763671875,-0.7633587786259542,2.8244274809160306,0.7938931297709924,1.000363671216365,0
4.63,0.982177734375,0.008544921875,-0.20703125,-0.6946564885496184,2.6793893129770994,0.6412213740458015,1.003796820112726,0
4.64,0.982177734375,0.0078125,-0.20556640625,-0.8091603053435115,2.7404580152671754,0.6412213740458015,1.0034897530302929,0
4.65,0.97998046875,0.00927734375,-0.205322265625,-0.48091603053435117,2.618320610687023,0.6412213740458015,1.0013016633362337,0
4.66,0.980224609375,0.010009765625,-0.20361328125,-0.5572519083969466,2.8091603053435112,0.4961832061068702,1.0011987058189948,0
4.67,0.980712890625,0.01171875,-0.205322265625,-0.5954198473282443,2.900763358778626,0.5877862595419847,1.0020440787215843,0
4.68,0.9755859375,0.012939453125,-0.202392578125,-0.4580152671755725,2.816793893129771,0.7786259541984732,0.996442726189023,0
4.69,0.98388671875,0.000244140625,-0.20361328125,-0.7557251908396947,2.6106870229007635,0.7557251908396947,1.0047345436674695,0
4.7,0.978271484375,0.01416015625,-0.20361328125,-0.6106870229007634,2.931297709923664,0.9541984732824428,0.9993367677953623,0
4.71,0.9833984375,0.01220703125,-0.205810546875,-0.5572519083969466,2.8244274809160306,0.6793893129770993,1.0047783236586896,0
4.72,0.977294921875,0.009521484375,-0.21728515625,-0.6412213740458015,2.954198473282443,0.7251908396946565,1.0012037066021842,0
4.73,0.984375,0.013916015625,-0.21826171875,-0.6564885496183206,2.7786259541984735,0.6412213740458015,1.0083778924528142,0
4.74,0.994140625,0.01220703125,-0.198974609375,-0.6717557251908397,1.7938931297709924,0.6412213740458015,1.0139307121609755,0
4.75,0.989990234375,0.012451171875,-0.198974609375,-0.3969465648854962,0.5954198473282443,0.7404580152671756,1.0098646399467912,0
4.76,0.953125,0.008544921875,-0.205322265625,-0.6183206106870229,2.0839694656488548,0.7786259541984732,0.975026929923596,0
4.77,0.998779296875,0.01025390625,-0.205322265625,-0.6259541984732825,0.8702290076335878,1.5572519083969465,1.0197168524746887,0
4.78,0.972900390625,0.006103515625,-0.21337890625,-0.7480916030534351,2.9770992366412212,0.11450381679389313,0.9960436640096199,0
4.79,0.983154296875,0.0146484375,-0.200439453125,-0.8244274809160306,-0.1297709923664122,0.29770992366412213,1.0034853873146414,0
4.8,0.968017578125,0.0087890625,-0.218994140625,-0.7557251908396947,2.7251908396946565,0.9541984732824428,0.9925188727710429,0
4.81,0.997802734375,0.01220703125,-0.212890625,-0.22900763358778625,2.2595419847328246,0.5419847328244275,1.0203341249566515,0
4.82,1.029541015625,0.017578125,-0.207275390625,-0.3282442748091603,0.2366412213740458,1.16793893129771,1.050346029121555,0
4.83,0.95068359375,0.001220703125,-0.222900390625,-0.8320610687022901,4.916030534351145,-0.9389312977099237,0.9764657544851801,0
4.84,0.943359375,0.01513671875,-0.216796875,-0.8015267175572519,4.923664122137405,1.2595419847328244,0.9680686523509956,0
4.85,1.3935546875,-0.643310546875,2.0,-19.137404580152673,250.13740458015266,86.14503816793894,2.5210797541477805,0
4.86,0.62646484375,-0.0771484375,-0.931884765625,10.82442748091603,-43.099236641221374,11.267175572519085,1.1255306740677327,1
4.87,0.97265625,0.00244140625,-0.461181640625,17.80916030534351,44.221374045801525,-8.587786259541986,1.0764546654541969,1
4.88,1.0244140625,-0.0908203125,-0.358642578125,6.343511450381679,40.3587786259542,-11.091603053435115,1.0891726215134578,1
4.89,0.988525390625,-0.04736328125,-0.36669921875,-4.923664122137405,36.16030534351145,0.5114503816793893,1.0554117894703166,1
4.9,0.98486328125,0.007080078125,-0.404541015625,-16.801526717557252,76.7175572519084,-2.7786259541984735,1.0647343535284655,1
4.91,0.89599609375,0.020751953125,-0.51171875,-16.732824427480917,160.65648854961833,-7.687022900763359,1.0320347487731814,1
4.92,0.93505859375,-0.0009765625,-0.3896484375,21.625954198473284,212.82442748091603,-15.687022900763358,1.0129962646852333,1
4.93,1.109375,-0.0498046875,-0.131103515625,-3.2061068702290076,157.93893129770993,-24.64885496183206,1.118204600836183,1
4.94,1.1943359375,0.093017578125,0.137451171875,-6.076335877862595,43.38167938931298,1.9770992366412214,1.2058123511119196,1
4.95,0.965576171875,0.079833984375,0.0322265625,-1.5038167938931297,-33.17557251908397,7.435114503816794,0.9694067051988725,1
4.96,0.959716796875,-0.0361328125,-0.201904296875,-0.2748091603053435,-4.129770992366412,3.5801526717557253,0.981390470424366,0
4.97,0.872802734375,-0.0029296875,-0.20458984375,-1.5954198473282444,8.900763358778626,-2.8931297709923665,0.8964653927324656,0
4.98,1.0458984375,0.019775390625,-0.1728515625,-0.7099236641221374,0.6335877862595419,0.5343511450381679,1.060269904457353,0
4.99,0.995361328125,0.02880859375,-0.174560546875,-0.2366412213740458,1.8625954198473282,3.519083969465649,1.0109626566426257,0
5.0,0.976806640625,-0.00146484375,-0.19091796875,-0.5419847328244275,2.2442748091603053,0.22900763358778625,0.9952904248147552,0
5.01,0.974609375,0.0009765625,-0.20166015625,-0.9236641221374046,4.847328244274809,-0.6793893129770993,0.9952543424326173,0
5.02,0.989501953125,0.013916015625,-0.173828125,-0.7099236641221374,3.2519083969465647,0.7709923664122137,1.0047507092657764,0
5.03,1.00537109375,0.010986328125,-0.173095703125,-0.6030534351145038,1.0305343511450382,1.297709923664122,1.0202224551508752,0
5.04,0.9736328125,0.006103515625,-0.1806640625,-0.6030534351145038,2.9160305343511452,0.6641221374045801,0.9902714829574003,0
5.05,0.962890625,0.0068359375,-0.198486328125,-0.7862595419847328,7.4961832061068705,-0.2824427480916031,0.983159146937534,0
5.06,1.030517578125,0.020751953125,-0.169189453125,-0.6030534351145038,2.5267175572519083,0.732824427480916,1.0445200780415158,0
5.07,0.9931640625,0.0078125,-0.1787109375,-0.5190839694656488,1.6106870229007633,1.6946564885496183,1.0091449298192419,0
5.08,0.9736328125,0.002685546875,-0.18505859375,-0.48854961832061067,3.0229007633587788,0.9312977099236641,0.9910674794681771,0
5.09,0.982666015625,0.0078125,-0.18505859375,-0.7557251908396947,3.5114503816793894,0.07633587786259542,0.9999701078238741,0
5.1,1.99993896484375,0.210693359375,2.0,52.87786259541985,250.13740458015266,20.16793893129771,2.836220646350529,0
5.11,1.2265625,0.03564453125,-0.791748046875,48.45038167938932,57.47328244274809,-2.8702290076335877,1.4603393676624141,1
5.12,1.036865234375,0.1806640625,-0.279296875,50.587786259541986,17.33587786259542,-21.412213740458014,1.0889149471466049,1
5.13,0.55029296875,-0.21630859375,-0.389892578125,34.41984732824427,29.083969465648856,-24.740458015267176,0.7082570025511574,1
5.14,0.8955078125,-0.1201171875,-0.35400390625,22.68702290076336,29.99236641221374,-13.0,0.9704025693606257,1
5.15,0.962646484375,-0.14990234375,-0.478759765625,-0.2900763358778626,52.595419847328245,-4.6183206106870225,1.0855274661299894,1
5.16,0.959228515625,-0.06005859375,-0.350341796875,-15.893129770992367,58.51145038167939,-3.0381679389312977,1.0229690877582627,1
5.17,1.343505859375,-0.0087890625,-0.211181640625,-9.633587786259541,63.587786259541986,2.4580152671755724,1.3600304875743239,1
5.18,1.096923828125,0.0498046875,-0.38818359375,0.6106870229007634,-3.351145038167939,2.053435114503817,1.1646496872716887,0
5.19,0.971923828125,0.01318359375,-0.2236328125,-0.8015267175572519,3.3969465648854964,0.5877862595419847,0.9974073238391523,0
5.2,0.918701171875,0.0048828125,-0.3056640625,-0.9007633587786259,2.633587786259542,0.8778625954198473,0.9682283843011484,0
5.21,0.979736328125,0.00439453125,-0.29345703125,-0.7862595419847328,2.2748091603053435,0.5190839694656488,1.022751002807051,0
5.22,0.95458984375,0.000732421875,-0.2900390625,-0.8778625954198473,2.5572519083969465,0.7404580152671756,0.9976797903176807,0
5.23,0.972900390625,-0.00732421875,-0.290771484375,-0.6717557251908397,2.572519083969466,0.7709923664122137,1.0154490978794635,0
5.24,0.949951171875,-0.00390625,-0.283447265625,-0.648854961832061,2.7251908396946565,0.7557251908396947,0.9913449652497548,0
5.25,0.95556640625,-0.002197265625,-0.298095703125,-0.5114503816793893,2.6564885496183206,0.9465648854961832,1.0009860303477542,0
5.26,0.974365234375,-0.00341796875,-0.284912109375,-0.7175572519083969,2.3053435114503817,0.7404580152671756,1.0151720063799714,0
5.27,0.9619140625,-0.004638671875,-0.287841796875,-0.5267175572519084,2.4122137404580153,0.7404580152671756,1.0040682650797437,0
5.28,0.947998046875,0.000244140625,-0.29052734375,-0.5725190839694656,3.816793893129771,0.4732824427480916,0.9915172686090193,0
5.29,0.961669921875,-0.005859375,-0.296875,-1.0076335877862594,4.0458015267175576,-0.48854961832061067,1.0064681497888839,0
5.3,0.95947265625,0.009521484375,-0.2822265625,-0.29770992366412213,2.0763358778625953,1.6030534351145038,1.000165121035872,0
5.31,0.9775390625,-0.00244140625,-0.280029296875,1.9465648854961832,1.3206106870229009,1.5572519083969465,1.016860357318626,0
5.32,0.939453125,-0.00390625,-0.287353515625,-0.5954198473282443,3.900763358778626,0.31297709923664124,0.9824253029128348,0
5.33,0.968017578125,0.002197265625,-0.29296875,-1.0,3.4427480916030535,0.42748091603053434,1.0113819990546498,0
5.34,0.9677734375,-0.009765625,1.056396484375,28.061068702290076,-43.267175572519086,-3.2061068702290076,1.4327087373091807,0
5.35,1.99993896484375,-0.1357421875,2.0,17.717557251908396,180.9083969465649,-1.3435114503816794,2.8316394199416663,1
5.36,1.688720703125,-0.03955078125,-0.2802734375,6.412213740458015,2.49618320610687,-4.4961832061068705,1.7122777453522386,1
5.37,1.06103515625,-0.110595703125,-0.394775390625,-5.709923664122138,34.10687022900763,-3.877862595419847,1.1374860972298941,1
5.38,0.787109375,0.01904296875,-0.4248046875,-5.175572519083969,30.358778625954198,-1.2290076335877862,0.8946299935692279,1
5.39,1.054443359375,0.055419921875,-0.310302734375,-12.396946564885496,62.81679389312977,-2.2442748091603053,1.1005498411390864,1
5.4,0.8955078125,-0.013916015625,-0.361572265625,-14.564885496183207,131.12213740458014,-8.297709923664122,0.9658480216931679,1
5.41,1.703369140625,0.008544921875,0.74169921875,5.312977099236641,250.13740458015266,-1.6259541984732824,1.8578636053321465,1
5.42,1.005615234375,0.04345703125,-0.96533203125,-0.5725190839694656,38.43511450381679,3.83206106870229,1.3946384634482876,1
5.43,1.114501953125,-0.009033203125,-0.41015625,-1.083969465648855,-1.7404580152671756,-0.8854961832061069,1.1876128795580654,0
5.44,0.94189453125,0.00439453125,-0.23828125,-0.8091603053435115,3.198473282442748,0.4580152671755725,0.9715773638805748,0
5.45,0.960205078125,0.006591796875,-0.282958984375,-0.6030534351145038,1.2595419847328244,1.6870229007633588,1.0010509630791082,0
5.46,0.978759765625,0.01025390625,-0.26708984375,-0.549618320610687,1.5877862595419847,0.0916030534351145,1.0145998255637974,0
5.47,0.930908203125,0.007080078125,-0.28369140625,-0.5038167938931297,3.122137404580153,0.6259541984732825,0.973201430399573,0
5.48,0.9912109375,0.003662109375,-0.239990234375,-0.8244274809160306,0.4732824427480916,0.6793893129770993,1.0198567773271259,0
5.49,0.968994140625,-0.005615234375,-0.288818359375,-0.366412213740458,2.114503816793893,0.6641221374045801,1.0111365981581,0
5.5,0.90283203125,-0.002685546875,-0.294677734375,-0.5648854961832062,6.900763358778626,0.5343511450381679,0.9497093534073474,0
5.51,1.005859375,0.004150390625,-0.277587890625,-0.7786259541984732,1.8244274809160306,0.31297709923664124,1.043467941548454,0
5.52,0.973876953125,0.006591796875,-0.285888671875,-0.3816793893129771,1.5572519083969465,1.534351145038168,1.0149936474286556,0
5.53,0.959228515625,-0.001220703125,-0.284912109375,-0.5419847328244275,2.435114503816794,1.1145038167938932,1.0006476629527359,0
5.54,0.9658203125,-0.000244140625,-0.269775390625,-0.6870229007633588,1.9770992366412214,0.20610687022900764,1.002789956585682,0
5.55,0.959228515625,0.00146484375,-0.27734375,-4.641221374045801,250.13740458015266,-21.732824427480917,0.9985194272618912,0
5.56,0.294189453125,0.105712890625,-1.261962890625,-4.465648854961832,89.40458015267176,-8.595419847328245,1.3001049907176288,1
5.57,1.71337890625,-0.02734375,-0.322509765625,3.7480916030534353,-22.916030534351144,1.0305343511450382,1.743682168851308,1
5.58,0.984375,-0.066162109375,-0.272705078125,-4.33587786259542,25.35114503816794,2.2213740458015265,1.0235915322906457,1
5.59,0.911376953125,-0.0283203125,-0.33251953125,-8.091603053435115,42.55725190839695,-3.183206106870229,0.9705561444090836,1
5.6,0.915771484375,0.022216796875,-0.44482421875,-6.755725190839694,91.92366412213741,-5.3893129770992365,1.0183317648214278,1
5.61,0.95166015625,-0.0009765625,-0.31298828125,-3.9236641221374047,125.27480916030534,-4.137404580152672,1.0018082006391842,1
5.62,0.99609375,0.005859375,-0.018310546875,2.6030534351145036,29.19083969465649,0.5267175572519084,0.996279261648718,1
5.63,0.67041015625,0.05517578125,1.99993896484375,10.15267175572519,250.13740458015266,-0.7251908396946565,2.110035546511003,1
5.64,1.104736328125,0.026123046875,-0.39453125,1.465648854961832,43.68702290076336,4.030534351145038,1.1733625507419707,1
5.65,1.12939453125,-0.021484375,-0.320068359375,-1.381679389312977,1.6870229007633588,-0.5877862595419847,1.1740687118987339,0
5.66,0.909912109375,0.004150390625,-0.2333984375,-0.32061068702290074,4.175572519083969,0.6259541984732825,0.9393785728645525,0
5.67,0.95263671875,0.00732421875,-0.260498046875,-0.3893129770992366,1.8625954198473282,1.8549618320610688,0.9876383925894913,0
5.68,0.99462890625,-0.00390625,-0.2724609375,-0.816793893129771,1.1450381679389312,0.25190839694656486,1.0312792455976765,0
5.69,0.923583984375,0.005615234375,-0.278564453125,-0.3893129770992366,3.572519083969466,0.6183206106870229,0.9646953206043434,0
5.7,0.987060546875,0.003662109375,-0.2744140625,-0.3893129770992366,0.15267175572519084,0.8549618320610687,1.0245023240286,0
5.71,0.97412109375,0.00048828125,-0.263916015625,-0.6412213740458015,3.854961832061069,0.7251908396946565,1.0092392218947155,0
5.72,0.955078125,0.005126953125,-0.267578125,-0.6793893129770993,2.9083969465648853,0.5267175572519084,0.9918662024085594,0
5.73,0.983642578125,0.00537109375,-0.26904296875,-0.5419847328244275,2.564885496183206,0.6793893129770993,1.0197870803173972,0
5.74,0.954345703125,0.00146484375,-0.27197265625,-0.7099236641221374,3.595419847328244,0.7633587786259542,0.9923441905851231,0
5.75,0.965087890625,0.013671875,-0.26171875,-0.9694656488549618,3.5419847328244276,-0.10687022900763359,1.000039129683729,0
5.76,0.954833984375,0.01025390625,-0.266357421875,-0.44274809160305345,2.854961832061069,1.0763358778625953,0.9913421994945631,0
5.77,0.966552734375,-0.013916015625,-0.269775390625,-0.6717557251908397,1.9770992366412214,1.2366412213740459,1.0035918519027225,0
5.78,0.959716796875,0.002685546875,-0.278076171875,-0.816793893129771,3.648854961832061,-1.8015267175572518,0.9991946255513399,0
5.79,1.169189453125,-0.313720703125,-0.962890625,-10.702290076335878,27.137404580152673,-5.083969465648855,1.5467976637494871,0
5.8,0.987060546875,-0.0234375,-0.2451171875,0.7862595419847328,-7.908396946564886,2.5114503816793894,1.0173103141182311,1
5.81,0.7451171875,-0.030029296875,-0.267333984375,-1.5648854961832062,13.580152671755725,-1.8778625954198473,0.792192426737677,1
5.82,0.860595703125,-0.0048828125,-0.273681640625,-1.5267175572519085,13.587786259541986,-0.37404580152671757,0.9030783169306608,1
5.83,0.989990234375,-0.015625,-0.301513671875,-3.1068702290076335,18.206106870229007,0.9694656488549618,1.0350049754036994,1
5.84,0.950927734375,-0.008056640625,-0.322509765625,-4.908396946564886,22.045801526717558,0.17557251908396945,1.0041618467085986,1
5.85,0.9541015625,0.005126953125,-0.298583984375,-5.030534351145038,21.65648854961832,-0.26717557251908397,0.9997442037534089,1
5.86,0.945556640625,-0.00732421875,-0.333740234375,-5.847328244274809,34.56488549618321,2.2595419847328246,1.002752984962405,1
5.87,0.992431640625,0.060302734375,-0.11279296875,-0.3053435114503817,-31.66412213740458,1.984732824427481,1.0006394130185805,1
5.88,0.950439453125,0.002685546875,-0.26708984375,0.2366412213740458,-15.297709923664122,2.0610687022900764,0.9872585025478212,1
5.89,0.947265625,-0.00390625,-0.27392578125,-0.32061068702290074,1.8244274809160306,0.19083969465648856,0.9860845586100241,0
5.9,0.942626953125,0.005126953125,-0.284423828125,-1.0534351145038168,3.183206106870229,0.29770992366412213,0.9846160532976022,0
5.91,0.974365234375,0.005615234375,-0.2841796875,-0.3893129770992366,1.534351145038168,1.2290076335877862,1.0149764704678295,0
5.92,0.958984375,0.00048828125,-0.287353515625,-0.5725190839694656,2.3053435114503817,0.9236641221374046,1.0011110392233056,0
5.93,0.96240234375,0.014404296875,-0.286865234375,-0.8549618320610687,2.618320610687023,0.3969465648854962,1.0043492508669383,0
5.94,0.966552734375,0.00537109375,-0.296875,-0.4961832061068702,2.3053435114503817,0.5572519083969466,1.0111319412425168,0
5.95,0.98046875,0.020263671875,-0.27587890625,-0.3893129770992366,1.7404580152671756,1.0458015267175573,1.0187437150913454,0
5.96,1.00439453125,-0.008056640625,-0.268798828125,-0.8320610687022901,1.3893129770992367,-0.29770992366412213,1.0397721355491505,0
5.97,0.92529296875,0.004150390625,-0.30810546875,-0.6106870229007634,4.358778625954199,1.465648854961832,0.9752503697175335,0
5.98,0.994140625,0.0,-0.278076171875,-1.0687022900763359,3.816793893129771,-0.17557251908396945,1.0322993459457606,0
5.99,0.968505859375,0.009765625,-0.77294921875,-0.1297709923664122,-51.50381679389313,11.900763358778626,1.2391728942490565,0
6.0,1.271728515625,-0.13916015625,-0.592529296875,0.9847328244274809,19.82442748091603,-2.5572519083969465,1.4098758577252368,1
6.01,0.477294921875,0.062255859375,-0.406982421875,1.8549618320610688,9.740458015267176,-0.5877862595419847,0.630333979878463,1
6.02,0.84716796875,-0.007080078125,-0.267578125,-2.0839694656488548,13.65648854961832,-2.8244274809160306,0.8884490687488916,1
6.03,1.01806640625,0.01318359375,-0.296142578125,-3.1908396946564888,20.244274809160306,-0.5648854961832062,1.0603459064180314,1
6.04,0.946533203125,0.014892578125,-0.298828125,-5.450381679389313,24.17557251908397,0.2595419847328244,0.9926958959280013,1
6.05,0.973388671875,0.000732421875,-0.308349609375,-7.122137404580153,33.56488549618321,-1.4809160305343512,1.0210609798528658,1
6.06,0.932373046875,0.007080078125,-0.412841796875,-5.923664122137405,104.09923664122137,-4.488549618320611,1.0197097505134516,1
6.07,0.9365234375,0.028564453125,-0.209716796875,-11.16030534351145,108.3969465648855,-2.7251908396946565,0.9601422872994694,1
6.08,1.0654296875,0.019287109375,-0.394287109375,-0.9694656488549618,-8.770992366412214,3.4122137404580153,1.136210691823345,1
6.09,1.102783203125,0.00048828125,0.11669921875,1.7557251908396947,-108.74045801526718,2.33587786259542,1.1089408186057876,1
6.1,0.9169921875,0.001708984375,-0.246826171875,-0.5648854961832062,6.519083969465649,1.2290076335877862,0.9496319032583606,0
6.11,0.9814453125,0.00048828125,-0.276123046875,-1.0610687022900764,3.427480916030534,-0.3893129770992366,1.0195484671472639,0
6.12,0.9794921875,0.009033203125,-0.260009765625,-0.6641221374045801,1.8091603053435115,1.2366412213740459,1.013455288778247,0
6.13,0.960693359375,0.00927734375,-0.269775390625,-0.3816793893129771,0.04580152671755725,1.381679389312977,0.9978960673542862,0
6.14,0.970458984375,-0.002197265625,-0.272705078125,-0.7099236641221374,2.404580152671756,0.3435114503816794,1.0080493678216091,0
6.15,0.957275390625,0.010498046875,-0.27978515625,-0.6335877862595419,2.9389312977099236,0.7022900763358778,0.9973796248882734,0
6.16,0.9658203125,0.003662109375,-0.27978515625,-0.5343511450381679,2.50381679389313,0.916030534351145,1.0055356884469635,0
6.17,0.956787109375,0.000244140625,-0.26953125,-0.816793893129771,4.679389312977099,0.3893129770992366,0.994026522280656,0
6.18,0.9794921875,0.0078125,-0.26025390625,-0.9770992366412213,2.7480916030534353,0.16793893129770993,1.0135078076897923,0
6.19,0.977294921875,0.005126953125,-0.26025390625,-0.549618320610687,2.1526717557251906,1.1145038167938932,1.0113672654824222,0
6.2,0.904052734375,-0.044677734375,1.959228515625,89.54198473282443,250.13740458015266,21.17557251908397,2.158213108781878,0
6.21,1.432861328125,-0.08984375,0.1396484375,4.816793893129771,-11.290076335877863,5.083969465648855,1.4424510983552936,1
6.22,1.44482421875,-0.022705078125,-0.335693359375,-1.2595419847328244,7.183206106870229,-4.00763358778626,1.4834832574679375,1
6.23,1.06591796875,0.064208984375,-0.341552734375,-1.3435114503816794,22.748091603053435,-0.2366412213740458,1.1211432469303975,1
6.24,1.014404296875,0.0126953125,-0.325927734375,-2.9923664122137406,21.480916030534353,-0.648854961832061,1.0655543798946896,1
6.25,1.024169921875,0.005859375,-0.275390625,-4.198473282442748,21.64885496183206,-0.6946564885496184,1.0605651123277273,1
6.26,0.97998046875,-0.002197265625,-0.342041015625,-8.13740458015267,32.01526717557252,0.8396946564885496,1.0379588640584356,1
6.27,0.97509765625,0.004150390625,-0.265869140625,-9.145038167938932,23.862595419847327,2.351145038167939,1.010702263232481,1
6.28,0.937744140625,0.0146484375,-0.28515625,-4.038167938931298,16.61832061068702,2.6106870229007635,0.9802513641468568,1
6.29,1.033203125,0.0126953125,-0.597412109375,-1.9083969465648856,-8.16030534351145,2.427480916030534,1.1935539773705777,1
6.3,0.90869140625,0.01513671875,-0.28369140625,-0.5572519083969466,2.282442748091603,1.3740458015267176,0.95206617733602,0
6.31,0.942626953125,0.003173828125,-0.305419921875,-1.16793893129771,3.633587786259542,-0.35877862595419846,0.9908768715742734,0
6.32,0.98388671875,0.0078125,-0.28759765625,-0.8091603053435115,2.2977099236641223,0.8625954198473282,1.0250885436728794,0
6.33,0.96142578125,0.00341796875,-0.292724609375,-0.33587786259541985,1.8015267175572518,1.4809160305343512,1.0050069215166109,0
6.34,0.970458984375,0.000244140625,-0.291015625,-0.8244274809160306,2.2977099236641223,0.5419847328244275,1.013153884635963,0
6.35,0.953369140625,-0.001220703125,-0.288330078125,-0.8778625954198473,3.198473282442748,0.3969465648854962,0.9960162861940256,0
6.36,0.9541015625,0.00830078125,-0.289306640625,-0.5114503816793893,2.969465648854962,0.7709923664122137,0.9970341151856463,0
6.37,0.969970703125,0.003173828125,-0.28564453125,-0.6106870229007634,2.312977099236641,1.0458015267175573,1.0111607371426197,0
6.38,0.941650390625,0.00390625,-0.296630859375,-0.9083969465648855,4.320610687022901,0.3282442748091603,0.9872743203825514,0
6.39,0.9697265625,0.008544921875,-0.286865234375,-0.8702290076335878,3.1908396946564888,0.32061068702290074,1.0113032603531642,0
6.4,0.983642578125,0.009765625,-0.287353515625,-0.7786259541984732,2.633587786259542,1.0076335877862594,1.0248024843227521,0
6.41,0.95556640625,0.004638671875,-0.290771484375,-0.5267175572519084,2.8091603053435112,0.8625954198473282,0.9988376895952339,0
6.42,0.967041015625,0.00390625,-0.28955078125,-0.7786259541984732,2.8625954198473282,0.8625954198473282,1.0094668095646233,0
6.43,0.30029296875,0.072265625,-1.8779296875,30.435114503816795,-112.66412213740458,-3.3206106870229006,1.9031600297482019,0
6.44,0.244384765625,0.177001953125,-0.023681640625,-3.8244274809160306,58.98473282442748,-0.9312977099236641,0.302678749142292,1
6.45,1.16943359375,-0.044677734375,-0.45263671875,-2.732824427480916,7.67175572519084,-0.6946564885496184,1.2547713055775103,1
6.46,1.5048828125,-0.2177734375,1.99993896484375,-29.549618320610687,-113.2824427480916,-0.1984732824427481,2.51234022627087,1
6.47,0.875244140625,0.032470703125,-0.29638671875,-2.8091603053435112,-25.31297709923664,2.6717557251908395,0.924636003685352,1
6.48,1.05029296875,0.018798828125,-0.94677734375,-0.35877862595419846,6.236641221374046,2.854961832061069,1.414162669137772,1
6.49,0.95654296875,-0.013427734375,-0.234619140625,-1.900763358778626,-7.679389312977099,-0.5114503816793893,0.9849877645245765,1
6.5,0.95556640625,0.01220703125,-0.218017578125,-0.8091603053435115,0.1297709923664122,-1.9083969465648856,0.9801978538728643,0
6.51,0.9814453125,0.00927734375,-0.237060546875,-0.7099236641221374,-15.610687022900763,1.4274809160305344,1.00971217355242,0
6.52,0.922119140625,0.009765625,-0.2578125,-1.8625954198473282,0.22900763358778625,1.6412213740458015,0.9575313896133532,0
6.53,0.98876953125,0.003662109375,-0.24560546875,-0.6870229007633588,2.519083969465649,0.2366412213740458,1.0188231658405331,0
6.54,0.97119140625,0.005859375,-0.24072265625,-0.8091603053435115,2.7709923664122136,0.4351145038167939,1.0005970603001484,0
6.55,0.96875,0.0078125,-0.23779296875,-0.5648854961832062,2.404580152671756,0.8473282442748091,0.9975385173732333,0
6.56,0.976318359375,0.004150390625,-0.24072265625,-0.44274809160305345,2.4656488549618323,0.48854961832061067,1.0055655930008183,0
6.57,0.97021484375,0.004150390625,-0.245361328125,-0.6412213740458015,2.519083969465649,0.6717557251908397,1.0007678302755545,0
6.58,0.9775390625,0.00732421875,-0.2421875,-0.5801526717557252,2.7251908396946565,0.8625954198473282,1.007120175574855,0
6.59,0.9765625,0.007080078125,-0.23779296875,-0.7099236641221374,2.5343511450381677,0.5419847328244275,1.0051218532593174,0
6.6,0.960693359375,0.00927734375,-0.2421875,-0.549618320610687,3.549618320610687,0.24427480916030533,0.9907939165187323,0
6.61,0.98486328125,0.01025390625,-0.243408203125,-0.7557251908396947,2.900763358778626,0.6259541984732825,1.0145483619307862,0
6.62,0.97705078125,0.009521484375,-0.2392578125,-0.6106870229007634,2.381679389312977,1.0687022900763359,1.0059638108044562,0
6.63,0.971435546875,0.0048828125,-0.249267578125,-0.7557251908396947,3.0381679389312977,0.7480916030534351,1.0029183362041714,0
6.64,0.9697265625,0.0078125,-0.245361328125,-0.3969465648854962,2.9236641221374047,0.4580152671755725,1.0003163612145811,0
6.65,0.878662109375,0.0087890625,-0.256591796875,-0.5038167938931297,9.15267175572519,1.3358778625954197,0.9154035723627555,0
6.66,1.041015625,0.00341796875,-0.242431640625,-0.9007633587786259,2.519083969465649,0.1297709923664122,1.0688771278218305,0
6.67,0.988525390625,0.010009765625,-0.233642578125,-0.3969465648854962,1.5267175572519085,1.2900763358778626,1.015810758769109,0
6.68,0.97021484375,0.001220703125,-0.23974609375,-0.6335877862595419,2.4580152671755724,0.8625954198473282,0.99939808015492,0
6.69,0.973876953125,0.002197265625,-0.233642578125,-0.7557251908396947,3.114503816793893,-0.022900763358778626,1.0015138551798257,0
6.7,0.971435546875,0.00927734375,-0.239990234375,-0.6412213740458015,2.2595419847328246,0.44274809160305345,1.0006839678113932,0
6.71,0.979736328125,0.0048828125,-0.2470703125,-0.6717557251908397,1.2900763358778626,1.0305343511450382,1.0104211269686594,0
6.72,0.970458984375,0.005859375,-0.246337890625,-0.6106870229007634,2.351145038167939,0.6259541984732825,1.0012528796398648,0
6.73,0.9697265625,0.00341796875,-0.2373046875,-0.816793893129771,2.480916030534351,0.48854961832061067,0.9983460338168901,0
6.74,0.956787109375,0.002685546875,-0.244873046875,-0.5114503816793893,2.6030534351145036,1.0076335877862594,0.987629279595351,0
6.75,0.958984375,0.00732421875,-0.240478515625,-0.8320610687022901,2.9770992366412212,0.7938931297709924,0.9887034905125206,0
6.76,0.9833984375,0.0068359375,-0.239013671875,-0.8091603053435115,2.2519083969465647,0.6335877862595419,1.0120507656546265,0
6.77,0.972412109375,0.0068359375,-0.24169921875,-0.7633587786259542,2.122137404580153,1.1145038167938932,1.0020232296933047,0
6.78,0.973388671875,0.003173828125,-0.241943359375,-0.48091603053435117,2.2290076335877864,1.099236641221374,1.0030115497167538,0
6.79,0.9658203125,0.00537109375,-0.24072265625,-0.5038167938931297,2.7557251908396947,0.6183206106870229,0.9953818975236212,0
6.8,0.972900390625,0.00439453125,-0.240234375,-0.5648854961832062,2.564885496183206,0.6030534351145038,1.0021312473497797,0
6.81,0.975830078125,0.01171875,-0.23974609375,-0.732824427480916,2.213740458015267,0.816793893129771,1.0049178374093028,0
6.82,0.970947265625,0.005615234375,-0.244384765625,-0.3511450381679389,2.2748091603053435,0.8778625954198473,1.001246242016087,0
6.83,0.9765625,0.008544921875,-0.24755859375,-0.7251908396946565,2.366412213740458,0.40458015267175573,1.0074882577159783,0
6.84,0.96484375,0.018310546875,-0.2763671875,-0.25190839694656486,6.1679389312977095,2.66412213740458,1.0038115163553287,0
6.85,1.132080078125,-0.0029296875,-0.232421875,-0.549618320610687,-2.0381679389312977,-0.1450381679389313,1.1556962465695169,0
6.86,0.93701171875,0.011962890625,-0.23583984375,-0.37404580152671757,1.8244274809160306,1.251908396946565,0.9663097348816058,0
6.87,0.998779296875,0.005126953125,-0.24072265625,-0.5190839694656488,1.6030534351145038,0.6793893129770993,1.027391729938742,0
6.88,0.9580078125,0.0068359375,-0.243896484375,-0.33587786259541985,2.0076335877862594,0.549618320610687,0.9885905087259454,0
6.89,0.991455078125,0.0068359375,-0.22509765625,-0.19083969465648856,0.8778625954198473,0.7175572519083969,1.0167098193833857,0
6.9,0.9619140625,0.00927734375,-0.223388671875,0.022900763358778626,2.50381679389313,1.1297709923664123,0.9875561915477954,0
6.91,0.998291015625,0.003662109375,-0.203857421875,1.4351145038167938,0.9465648854961832,-0.3969465648854962,1.0188995099499214,0
6.92,0.9892578125,0.09814453125,-0.135986328125,9.618320610687023,1.534351145038168,-2.435114503816794,1.0033721393598127,0
6.93,1.0009765625,0.1533203125,-0.14453125,18.106870229007633,0.6259541984732825,-3.381679389312977,1.0229127426745532,1
6.94,0.929931640625,0.066650390625,-0.216796875,22.3206106870229,4.129770992366412,-4.282442748091603,0.95719173409288,1
6.95,0.94873046875,-0.044189453125,-0.302734375,19.938931297709924,2.6793893129770994,-4.206106870229007,0.9968401636715497,1
6.96,0.904296875,-0.0673828125,-0.296875,15.16793893129771,4.351145038167939,-2.122137404580153,0.954163532723912,1
6.97,0.936767578125,-0.095703125,-0.307861328125,7.175572519083969,2.885496183206107,-0.5343511450381679,0.9906922735722897,1
6.98,0.947998046875,-0.09521484375,-0.31396484375,-1.1145038167938932,4.442748091603053,0.8702290076335878,1.0031650345083374,0
6.99,0.999755859375,-0.000244140625,-0.25439453125,-0.8473282442748091,2.687022900763359,0.12213740458015267,1.0316144703760202,0
7.0,0.96826171875,0.005126953125,-0.24853515625,-0.916030534351145,2.732824427480916,1.2671755725190839,0.9996633260939715,0
7.01,0.96142578125,0.00390625,-0.25,-0.5572519083969466,3.1297709923664123,1.1068702290076335,0.9934056531151991,0
7.02,0.98193359375,0.00146484375,-0.235595703125,-0.7557251908396947,3.2977099236641223,0.5725190839694656,1.009802487436511,0
7.03,0.96484375,0.009521484375,-0.234375,-0.9389312977099237,2.8244274809160306,0.6183206106870229,0.9929480153581888,0
7.04,0.9658203125,0.009521484375,-0.2412109375,-0.4351145038167939,3.183206106870229,0.7251908396946565,0.9955311401819282,0
7.05,0.974365234375,0.00537109375,-0.246826171875,-0.6030534351145038,2.7404580152671754,0.8091603053435115,1.00515651404604,0
7.06,0.97705078125,0.005615234375,-0.235595703125,-0.7862595419847328,2.3587786259541983,0.6946564885496184,1.0050696967520634,0
7.07,0.97021484375,0.004638671875,-0.244384765625,-0.3893129770992366,2.6564885496183206,0.7709923664122137,1.0005309960112116,0
7.08,0.99365234375,-0.01220703125,-0.237060546875,-0.7557251908396947,2.030534351145038,0.32061068702290074,1.0216123015784808,0
7.09,0.9306640625,0.0,-0.222412109375,-0.4961832061068702,3.8396946564885495,0.26717557251908397,0.9568713307575062,0
7.1,0.962158203125,0.005859375,-0.239013671875,-0.8091603053435115,3.122137404580153,0.8473282442748091,0.9914183150715391,0
7.11,0.992919921875,0.009765625,-0.23974609375,-0.21374045801526717,1.9236641221374047,1.450381679389313,1.0215006256269648,0
7.12,0.9736328125,-0.00048828125,-0.248779296875,-0.5343511450381679,3.030534351145038,0.8244274809160306,1.004914041373121,0
7.13,0.974365234375,0.00341796875,-0.2412109375,-0.549618320610687,3.633587786259542,0.5038167938931297,1.0037838456752797,0
7.14,0.971923828125,0.004638671875,-0.23779296875,-0.6564885496183206,2.6106870229007635,0.7251908396946565,1.0006012896957794,0
7.15,0.953857421875,0.002685546875,-0.239990234375,-0.6030534351145038,2.946564885496183,1.2290076335877862,0.9835885857529086,0
7.16,0.966064453125,0.0087890625,-0.2421875,-0.5114503816793893,3.0229007633587788,1.2595419847328244,0.9959982732754029,0
7.17,0.97705078125,0.004150390625,-0.243896484375,-0.5954198473282443,2.969465648854962,1.2595419847328244,1.007040689333882,0
7.18,0.953369140625,0.006103515625,-0.238037109375,-0.4351145038167939,3.2900763358778624,1.5267175572519085,0.9826554007578859,0
7.19,1.02734375,0.014404296875,-0.204833984375,181.73282442748092,250.13740458015266,0.6183206106870229,1.0476638896074748,0
7.2,0.2568359375,0.12744140625,-1.995361328125,-4.534351145038168,43.213740458015266,-16.6793893129771,2.0158553620225943,1
7.21,0.868408203125,0.022216796875,-0.53466796875,14.893129770992367,43.63358778625954,-5.603053435114504,1.0200471705393959,1
7.22,0.845947265625,-0.16748046875,-0.646484375,-5.916030534351145,77.32824427480917,-3.1068702290076335,1.0777840835484047,1
7.23,0.960693359375,-0.124755859375,-0.334228515625,-3.5572519083969465,9.908396946564885,-1.282442748091603,1.0247948359806018,1
7.24,0.97412109375,0.017822265625,-0.292236328125,-1.3969465648854962,6.305343511450381,-0.3816793893129771,1.0171684275068151,0
7.25,0.98046875,0.009521484375,-0.287353515625,-0.8320610687022901,3.381679389312977,0.7175572519083969,1.0217542127798216,0
7.26,0.963623046875,0.0029296875,-0.299072265625,-0.7404580152671756,2.50381679389313,1.083969465648855,1.0089708517115727,0
7.27,0.961181640625,0.003662109375,-0.294921875,-0.6412213740458015,3.068702290076336,0.37404580152671757,1.0054165652470406,0
7.28,0.964599609375,0.010986328125,-0.286865234375,-0.7480916030534351,2.717557251908397,0.9618320610687023,1.0064118284803176,0
7.29,0.96630859375,0.006591796875,-0.298095703125,-0.7786259541984732,3.3893129770992365,0.8549618320610687,1.0112649496362127,0
7.3,0.953369140625,-0.000244140625,-0.2890625,-0.7938931297709924,3.145038167938931,0.9236641221374046,0.9962278388034265,0
7.31,0.958251953125,0.005859375,-0.284912109375,-0.8778625954198473,2.83206106870229,0.8854961832061069,0.9997279870103566,0
7.32,0.94775390625,0.008056640625,-0.291748046875,-0.648854961832061,2.267175572519084,0.8396946564885496,0.9916749967230551,0
7.33,0.9697265625,0.007080078125,-0.298583984375,-0.6106870229007634,2.931297709923664,0.5038167938931297,1.0146783378241464,0
7.34,0.961669921875,0.00390625,-0.284423828125,-0.6259541984732825,2.564885496183206,0.549618320610687,1.0028565258467488,0
7.35,0.96826171875,0.010009765625,-0.296875,-0.3969465648854962,2.1526717557251906,0.8396946564885496,1.0128009266531954,0
7.36,0.95654296875,0.0078125,-0.294189453125,-0.6106870229007634,2.549618320610687,0.4961832061068702,1.0007911473186102,0
7.37,0.95703125,0.0068359375,-0.29541015625,-0.7938931297709924,2.6946564885496183,0.6717557251908397,1.001610055826975,0
7.38,0.959228515625,0.007080078125,-0.281494140625,-0.5877862595419847,2.6717557251908395,0.8091603053435115,0.9997041681920729,0
7.39,0.9619140625,0.008056640625,-0.29052734375,-0.5725190839694656,2.633587786259542,0.6946564885496184,1.0048630307459048,0
7.4,0.96044921875,0.006591796875,-0.298828125,-0.8702290076335878,2.7480916030534353,0.8549618320610687,1.0058848850015305,0
7.41,0.964111328125,0.009033203125,-0.29248046875,-0.7175572519083969,2.404580152671756,0.816793893129771,1.0075401115478573,0
7.42,0.95947265625,0.0068359375,-0.289306640625,-0.6030534351145038,2.2900763358778624,0.7786259541984732,1.0021640786032282,0
7.43,0.958984375,0.005615234375,-0.301513671875,-0.5877862595419847,2.717557251908397,0.7557251908396947,1.0052825755372328,0
7.44,0.96337890625,0.003173828125,-0.293701171875,-1.099236641221374,2.450381679389313,0.4961832061068702,1.0071590582192873,0
7.45,0.961669921875,0.007080078125,-0.29248046875,-0.5954198473282443,2.183206106870229,0.9541984732824428,1.005188534925436,0
7.46,0.961669921875,0.003662109375,-0.290283203125,-0.6106870229007634,2.2442748091603053,0.7175572519083969,1.0045331192651903,0
7.47,0.95703125,0.00341796875,-0.293212890625,-0.6793893129770993,2.435114503816794,0.5190839694656488,1.000946699487843,0
7.48,0.954345703125,0.011474609375,-0.290771484375,-0.8473282442748091,2.732824427480916,0.6030534351145038,0.9977251344228532,0
7.49,0.967529296875,0.00439453125,-0.293701171875,-0.7251908396946565,2.9770992366412212,0.7480916030534351,1.0111343286512864,0
7.5,0.959228515625,0.005859375,-0.29541015625,-0.6335877862595419,3.0763358778625953,0.7786259541984732,1.0037035607584448,0
7.51,0.960693359375,0.005859375,-0.298828125,-0.8854961832061069,3.2061068702290076,0.732824427480916,1.0061134684088218,0
7.52,0.955322265625,0.00390625,-0.289306640625,-0.6793893129770993,3.2290076335877864,0.7099236641221374,0.9981754466513733,0
7.53,0.95556640625,0.005859375,-0.290771484375,-0.6946564885496184,2.969465648854962,0.8931297709923665,0.9988441045301171,0
7.54,0.9599609375,0.011474609375,-0.29638671875,-0.7938931297709924,3.0229007633587788,0.8473282442748091,1.0047396454990614,0
7.55,0.957275390625,0.005126953125,-0.288818359375,-0.45038167938931295,3.1526717557251906,0.7022900763358778,0.9999092478103495,0
7.56,0.958740234375,0.00927734375,-0.293212890625,-0.5343511450381679,3.0916030534351147,0.7709923664122137,1.002617925904556,0
7.57,0.95654296875,0.005859375,-0.293701171875,-0.6793893129770993,2.946564885496183,0.916030534351145,1.0006343796318427,0
7.58,0.95556640625,0.009033203125,-0.28759765625,-0.3511450381679389,3.1374045801526718,0.9694656488549618,0.9979484793278312,0
7.59,0.9521484375,0.00830078125,-0.288818359375,-0.3969465648854962,3.030534351145038,0.9083969465648855,0.995023414154219,0
7.6,0.958984375,0.0078125,-0.293212890625,-0.648854961832061,2.648854961832061,1.0534351145038168,1.0028389032536875,0
7.61,0.95654296875,0.00537109375,-0.29638671875,-0.44274809160305345,3.618320610687023,1.2290076335877862,1.0014231806606668,0
7.62,0.954345703125,0.008056640625,-0.29248046875,-0.5801526717557252,3.50381679389313,1.2290076335877862,0.998191091490768,0
7.63,0.969482421875,0.014892578125,1.99993896484375,96.68702290076335,49.48091603053435,15.076335877862595,2.2225826909944466,0
7.64,0.986083984375,0.021240234375,-0.1865234375,2.763358778625954,-12.320610687022901,0.44274809160305345,1.003794682459514,1
7.65,0.947509765625,-0.012451171875,-0.3076171875,-0.6335877862595419,0.015267175572519083,1.4961832061068703,0.9962721122671323,0
7.66,0.95654296875,-0.002197265625,-0.31298828125,-2.068702290076336,11.366412213740459,0.29770992366412213,1.0064496724829908,0
7.67,0.939453125,0.0048828125,-0.374755859375,-6.061068702290076,29.244274809160306,0.6259541984732825,1.0114533949056035,1
7.68,0.96142578125,0.00341796875,-0.32568359375,-0.6412213740458015,2.3282442748091605,0.5877862595419847,1.015096556294259,0
7.69,0.969482421875,0.005126953125,-0.299560546875,-0.549618320610687,2.7938931297709924,0.5954198473282443,1.0147211307630342,0
7.7,0.958984375,0.003662109375,-0.290283203125,-0.6793893129770993,2.8091603053435112,0.5572519083969466,1.0019624646441228,0
7.71,0.96435546875,0.010498046875,-0.289306640625,-0.8549618320610687,1.8473282442748091,0.8396946564885496,1.0068713976501393,0
7.72,0.947998046875,0.0,-0.28515625,-0.7862595419847328,2.2519083969465647,0.3511450381679389,0.9899567585469969,0
7.73,0.976806640625,0.011962890625,-0.306640625,-0.6564885496183206,1.7328244274809161,0.6412213740458015,1.0238763581710413,0
7.74,0.962646484375,0.00830078125,-0.3095703125,-0.6641221374045801,1.8396946564885497,0.9236641221374046,1.0112323843856343,0
7.75,0.9560546875,0.0078125,-0.29296875,-0.549618320610687,1.6412213740458015,0.5267175572519084,0.9999661439886528,0
7.76,0.967041015625,0.00390625,-0.2939453125,-0.5954198473282443,1.8473282442748091,0.7022900763358778,1.0107360839659465,0
7.77,0.964599609375,0.005126953125,-0.29443359375,-0.8473282442748091,1.7786259541984732,0.6717557251908397,1.0085483791981862,0
7.78,0.96142578125,0.003173828125,-0.28955078125,-0.4732824427480916,1.6641221374045803,0.732824427480916,1.0040862816310285,0
7.79,0.96923828125,0.004638671875,-0.290283203125,-0.5572519083969466,2.198473282442748,0.5877862595419847,1.0117849085323065,0
7.8,0.96533203125,0.003173828125,-0.291259765625,-0.816793893129771,2.2748091603053435,0.3969465648854962,1.008319520198904,0
7.81,0.942138671875,0.00634765625,-0.296142578125,-0.7022900763358778,2.450381679389313,0.7709923664122137,0.9876061949789394,0
7.82,0.957763671875,0.007080078125,-0.292236328125,-1.0534351145038168,2.9618320610687023,0.8091603053435115,1.0013807718074685,0
7.83,0.959228515625,0.0068359375,-0.290771484375,-0.5572519083969466,2.427480916030534,0.5572519083969466,1.0023542943267543,0
7.84,0.958740234375,0.006591796875,-0.29296875,-0.8931297709923665,2.7022900763358777,0.7633587786259542,1.0025253000658056,0
7.85,0.95751953125,0.007080078125,-0.292724609375,-0.8625954198473282,2.717557251908397,0.9465648854961832,1.0012899066530243,0
7.86,0.9599609375,0.00537109375,-0.28955078125,-0.5954198473282443,2.5419847328244276,0.6564885496183206,1.0026931260841652,0
7.87,0.957763671875,0.00634765625,-0.294189453125,-0.9083969465648855,2.7404580152671754,0.648854961832061,1.0019475925582821,0
7.88,0.955322265625,0.00732421875,-0.293212890625,-0.816793893129771,2.595419847328244,0.7862595419847328,0.999333815402966,0
7.89,0.9609375,0.004638671875,-0.295166015625,-0.6183206106870229,2.5419847328244276,0.9541984732824428,1.005258858684146,0
7.9,0.962646484375,0.00341796875,-0.291748046875,-0.6030534351145038,2.3893129770992365,1.0687022900763359,1.0058910772272016,0
7.91,0.964599609375,0.0048828125,-0.288818359375,-0.5725190839694656,2.0610687022900764,0.9618320610687023,1.0069221881438404,0
7.92,0.959228515625,0.0068359375,-0.29296875,-0.5877862595419847,2.3740458015267176,1.083969465648855,1.002993900134097,0
7.93,0.958740234375,0.004638671875,-0.29345703125,-0.5725190839694656,2.687022900763359,0.7786259541984732,1.0026571614845512,0
7.94,0.957763671875,0.006591796875,-0.291015625,-0.816793893129771,2.564885496183206,0.8931297709923665,1.0010218763561887,0
7.95,0.961669921875,0.003662109375,-0.294677734375,-0.8625954198473282,2.648854961832061,0.5343511450381679,1.0058118197856527,0
7.96,0.957275390625,0.00048828125,-0.297119140625,-0.6564885496183206,3.3893129770992365,0.35877862595419846,1.0023253940914418,0
7.97,0.966552734375,0.006103515625,-0.29248046875,-0.8549618320610687,3.0229007633587788,0.6564885496183206,1.0098545765757532,0
7.98,0.969970703125,0.006103515625,-0.292724609375,-0.8625954198473282,2.519083969465649,1.0305343511450382,1.0131969772741813,0
7.99,0.956787109375,0.006591796875,-0.298828125,-0.7557251908396947,2.7404580152671754,0.48091603053435117,1.002388783228955,0
8.0,0.957275390625,0.0048828125,-0.2890625,-0.732824427480916,3.015267175572519,0.5801526717557252,0.9999785719006216,0
8.01,0.958984375,0.01171875,-0.293701171875,-0.5267175572519084,2.4885496183206106,0.8625954198473282,1.0030198098524532,0
8.02,0.95703125,0.010498046875,-0.309814453125,-0.3511450381679389,2.549618320610687,0.7175572519083969,1.005984104163627,0
8.03,0.957275390625,0.0068359375,-0.30224609375,-0.6564885496183206,2.8091603053435112,0.648854961832061,1.0038802740989008,0
8.04,0.95458984375,0.007568359375,-0.28369140625,-0.7786259541984732,3.015267175572519,0.9007633587786259,0.9958814506929934,0
8.05,0.958984375,0.00439453125,-0.289794921875,-0.6259541984732825,3.099236641221374,0.6335877862595419,1.00182405648077,0
8.06,1.057373046875,0.0078125,-0.40185546875,7.732824427480916,-16.206106870229007,-0.37404580152671757,1.1311881422549712,0
8.07,0.91552734375,0.009765625,-0.3427734375,0.549618320610687,-1.083969465648855,1.3969465648854962,0.9776396647237353,0
8.08,0.904541015625,0.001220703125,-0.314208984375,-1.1374045801526718,4.015267175572519,0.6183206106870229,0.9575610815639882,0
8.09,0.928466796875,0.000244140625,-0.31494140625,-3.312977099236641,14.19083969465649,1.9389312977099236,0.9804278361382315,0
8.1,0.95263671875,0.0068359375,-0.295166015625,-4.351145038167939,15.587786259541986,1.3282442748091603,0.9973396736980878,1
8.11,0.942626953125,0.0068359375,-0.317626953125,-3.954198473282443,25.068702290076335,1.282442748091603,0.9947256828647262,1
8.12,0.93212890625,-0.00048828125,-0.39013671875,-13.84732824427481,58.70992366412214,-0.4122137404580153,1.0104806755215148,1
8.13,0.917724609375,-0.01513671875,-0.4345703125,-12.67175572519084,127.54961832061069,-3.4427480916030535,1.0155288944256389,1
8.14,1.026611328125,0.0009765625,-0.151123046875,6.641221374045801,94.51908396946565,-2.404580152671756,1.0376752613441627,1
8.15,0.92822265625,0.003662109375,-0.302978515625,11.587786259541986,79.29770992366412,-2.5343511450381677,0.9764254664597849,1
8.16,0.989990234375,0.00732421875,-0.135498046875,0.9770992366412213,21.778625954198475,-0.816793893129771,0.9992467308153202,1
8.17,0.97509765625,0.0087890625,-0.212890625,-0.31297709923664124,12.946564885496183,-0.9541984732824428,0.9981057584528619,1
8.18,0.97509765625,0.0087890625,-0.22998046875,-0.022900763358778626,19.404580152671755,-2.0763358778625953,1.0018900652518428,1
8.19,0.9658203125,0.00341796875,-0.25244140625,0.6183206106870229,40.11450381679389,-6.343511450381679,0.9982721182811084,1
8.2,0.900146484375,-0.008056640625,-0.365234375,2.312977099236641,91.07633587786259,-17.18320610687023,0.9714549662606462,1
8.21,0.889892578125,-0.046142578125,-0.726806640625,-12.183206106870228,250.12977099236642,-50.62595419847328,1.1499068792622205,1
8.22,1.013671875,0.051025390625,-0.317626953125,-9.86259541984733,250.12977099236642,-34.36641221374046,1.0634947776110235,1
8.23,1.059326171875,0.010009765625,0.150634765625,-8.84732824427481,250.12977099236642,-7.114503816793893,1.0700294231665353,1
8.24,1.231689453125,0.032470703125,0.4697265625,-17.793893129770993,250.12977099236642,-1.1297709923664123,1.3186190879169237,1
8.25,1.5966796875,-0.09716796875,0.120849609375,-8.458015267175572,70.94656488549619,31.671755725190838,1.604192091587597,1
8.26,1.00830078125,0.00146484375,0.02587890625,-5.900763358778626,68.06106870229007,22.82442748091603,1.008633892463102,1
8.27,0.970458984375,0.05078125,-0.0517578125,-15.061068702290076,124.33587786259542,39.717557251908396,0.973164039029651,1
8.28,1.052490234375,0.009765625,0.169677734375,-2.6030534351145036,29.19083969465649,7.267175572519084,1.0661245679699047,1
8.29,1.002197265625,0.01416015625,0.089111328125,-1.7099236641221374,13.954198473282442,5.541984732824427,1.0062508126960459,1
8.3,0.9912109375,-0.01416015625,0.09423828125,-0.8549618320610687,4.809160305343512,3.4198473282442747,0.9957813446222055,0
8.31,0.985107421875,0.00439453125,0.08349609375,-0.4580152671755725,3.7557251908396947,2.267175572519084,0.9886493525055409,0
8.32,0.996826171875,0.005859375,0.090087890625,0.09923664122137404,-2.4198473282442747,1.9618320610687023,1.000905878316048,0
8.33,0.98828125,0.007080078125,0.089111328125,0.4961832061068702,-4.00763358778626,1.8625954198473282,0.9923158697753554,0
8.34,0.99658203125,0.0048828125,0.08984375,1.1526717557251909,-6.6183206106870225,1.083969465648855,1.0006355411848755,0
8.35,0.997314453125,-0.0048828125,0.110595703125,1.16793893129771,-17.51145038167939,-3.7404580152671754,1.0034397689047614,0
8.36,0.99609375,0.000244140625,0.1337890625,6.305343511450381,-38.86259541984733,-12.541984732824428,1.0050384727155155,1
8.37,1.00048828125,0.011474609375,0.14306640625,33.20610687022901,-91.54961832061069,-27.580152671755727,1.010730658571401,1
8.38,1.0048828125,0.00439453125,0.1826171875,48.54961832061068,-134.67175572519085,-37.2442748091603,1.0213509758810766,1
8.39,0.9931640625,0.033935546875,0.03369140625,1.7251908396946565,-95.25190839694656,-16.99236641221374,0.9943146319140194,1
8.4,0.9892578125,0.028564453125,0.034912109375,-17.198473282442748,-104.33587786259542,-8.816793893129772,0.9902857178388607,1
8.41,0.900634765625,0.200439453125,0.08740234375,-8.404580152671755,-103.16793893129771,10.389312977099237,0.9267999380203048,1
8.42,1.03125,-0.01025390625,-0.062255859375,-2.6717557251908395,-85.08396946564885,13.931297709923664,1.0331783471985383,1
8.43,1.00927734375,0.01904296875,-0.0791015625,-1.984732824427481,-63.74809160305343,7.0458015267175576,1.0125514547201098,1
8.44,0.99267578125,0.019287109375,-0.11376953125,-0.48854961832061067,-35.19083969465649,3.5801526717557253,0.9993601480493335,1
8.45,0.994873046875,0.025146484375,-0.108154296875,-0.9694656488549618,-7.6183206106870225,1.9541984732824427,1.0010504867424488,1
8.46,0.9853515625,0.029052734375,-0.09765625,-1.9923664122137406,13.778625954198473,7.183206106870229,0.990605121256658,1
8.47,0.9951171875,0.032958984375,-0.09228515625,-4.190839694656488,29.793893129770993,4.0458015267175576,0.9999305283733608,1
8.48,0.993408203125,0.02099609375,-0.073974609375,-4.106870229007634,42.3206106870229,4.67175572519084,0.9963799159060683,1
8.49,0.998046875,0.031005859375,-0.092529296875,-4.702290076335878,66.50381679389314,10.511450381679388,1.0028063615639011,1
8.5,0.9736328125,0.05029296875,-0.129150390625,-8.16793893129771,116.48091603053435,24.717557251908396,0.9834480462540656,1
8.51,0.977294921875,0.064453125,0.0078125,-17.80916030534351,100.67175572519083,46.343511450381676,0.9794491333403578,1
8.52,1.036376953125,-0.0166015625,0.044921875,-18.213740458015266,72.49618320610686,33.969465648854964,1.0374829038107642,1
8.53,1.02587890625,-0.047119140625,0.108154296875,-11.290076335877863,39.152671755725194,-1.3358778625954197,1.032639867347015,1
8.54,1.011474609375,-0.004638671875,0.050048828125,2.404580152671756,18.083969465648856,1.16793893129771,1.012722710263653,1
8.55,1.004638671875,-0.00048828125,0.051025390625,1.3282442748091603,12.030534351145038,1.748091603053435,1.0059337403297381,1
8.56,1.001708984375,-0.01513671875,0.033203125,1.099236641221374,7.038167938931298,1.9770992366412214,1.0023734120286094,0
8.57,1.015380859375,-0.00537109375,0.041015625,0.648854961832061,2.648854961832061,1.816793893129771,1.0162231151313796,0
8.58,0.9951171875,-0.001953125,0.025390625,0.015267175572519083,1.3740458015267176,1.213740458015267,0.9954429744556271,0
8.59,1.013671875,-0.0029296875,0.032470703125,-0.15267175572519084,-0.1297709923664122,0.9083969465648855,1.014196036176584,0
8.6,1.003662109375,-0.00439453125,0.046142578125,-0.5725190839694656,-3.099236641221374,0.7099236641221374,1.0047318444321367,0
8.61,1.005126953125,-0.005615234375,0.034423828125,-0.6717557251908397,-6.244274809160306,0.7862595419847328,1.0057319338164676,0
8.62,1.0068359375,-0.002685546875,0.0322265625,-0.8320610687022901,-13.549618320610687,1.7557251908396947,1.0073551352596999,0
8.63,1.012939453125,-0.005859375,0.03466796875,-1.1374045801526718,-20.81679389312977,1.1755725190839694,1.0135494738935122,1
8.64,1.03076171875,-0.01708984375,0.034912109375,4.603053435114504,-36.916030534351144,-4.770992366412214,1.0314943717640273,1
8.65,1.026611328125,-0.009033203125,0.017333984375,7.099236641221374,-49.61068702290076,-5.320610687022901,1.026797392287099,1
8.66,1.05908203125,-0.076904296875,0.469482421875,34.900763358778626,-124.93893129770993,-3.3282442748091605,1.1610265992836166,1
8.67,0.919677734375,-0.00634765625,-0.08740234375,0.6946564885496184,-8.083969465648854,1.786259541984733,0.9238433836630505,1
8.68,1.002685546875,0.014892578125,-0.04833984375,-0.9465648854961832,5.732824427480916,1.83206106870229,1.0039605745690423,0
8.69,1.02490234375,0.025390625,0.152099609375,2.6717557251908395,-0.5419847328244275,-3.2061068702290076,1.0364380296159348,0
8.7,1.011962890625,-0.019287109375,-0.499267578125,0.6946564885496184,6.312977099236641,1.465648854961832,1.12858716949864,0
8.71,1.069580078125,-0.0068359375,-0.0478515625,-0.03816793893129771,1.5038167938931297,-1.8625954198473282,1.0706717730458184,0
8.72,0.95166015625,0.00927734375,-0.027099609375,-0.8320610687022901,1.0534351145038168,1.282442748091603,0.9520911253284046,0
8.73,1.030517578125,0.003173828125,-0.03125,-0.7099236641221374,3.3740458015267176,0.7022900763358778,1.0309961757977488,0
8.74,1.04150390625,-0.012451171875,-0.0224609375,-0.9389312977099237,2.9618320610687023,0.3969465648854962,1.0418204797989183,0
8.75,0.970703125,0.0078125,-0.00927734375,-0.7022900763358778,2.068702290076336,0.7862595419847328,0.9707788940577928,0
8.76,0.98486328125,0.0048828125,-0.0224609375,-0.7175572519083969,2.6030534351145036,0.8854961832061069,0.9851314726095222,0
8.77,1.0078125,0.014892578125,-0.02587890625,-0.648854961832061,2.7404580152671754,0.42748091603053434,1.0082547008708442,0
8.78,0.985107421875,0.001220703125,-0.0166015625,-0.8778625954198473,2.2061068702290076,0.8396946564885496,0.9852480574082702,0
8.79,0.9931640625,0.001708984375,-0.024169921875,-0.6793893129770993,2.145038167938931,0.7022900763358778,0.9934595919273926,0
8.8,0.9990234375,0.002685546875,-0.01806640625,-0.7938931297709924,2.6946564885496183,0.8549618320610687,0.9991903902015492,0
8.81,1.001220703125,-0.00146484375,-0.01611328125,-0.5343511450381679,2.633587786259542,0.6870229007633588,1.0013514268057808,0
8.82,0.988037109375,0.001220703125,-0.01708984375,-0.7557251908396947,2.282442748091603,0.7786259541984732,0.9881856517768433,0
8.83,0.998779296875,-0.015380859375,-0.016845703125,-0.7404580152671756,2.366412213740458,0.732824427480916,0.9990397551724398,0
8.84,0.994873046875,-0.015625,-0.029296875,-0.5190839694656488,2.564885496183206,0.7099236641221374,0.9954269570933427,0
8.85,0.98486328125,-0.001953125,-0.00048828125,-0.5954198473282443,2.564885496183206,1.0458015267175573,0.9848653389526719,0
8.86,0.99658203125,-0.01416015625,-0.021240234375,-0.7480916030534351,2.549618320610687,0.732824427480916,0.996908923920187,0
8.87,0.984375,0.0146484375,-0.01904296875,-0.6946564885496184,2.786259541984733,0.6259541984732825,0.9846681430842601,0
8.88,1.001953125,0.0009765625,-0.019775390625,-0.4961832061068702,2.49618320610687,0.8244274809160306,1.0021487336947312,0
8.89,1.002685546875,0.013427734375,-0.03125,-0.4732824427480916,2.6412213740458017,0.7404580152671756,1.003262265044621,0
8.9,0.98486328125,0.0029296875,-0.013427734375,-0.7175572519083969,2.8473282442748094,0.8396946564885496,0.9849591716786081,0
8.91,1.002197265625,0.001708984375,-0.021728515625,-0.366412213740458,2.50381679389313,0.7480916030534351,1.002434241357051,0
8.92,0.99853515625,0.00244140625,-0.018798828125,-0.7022900763358778,2.4885496183206106,0.32061068702290074,0.9987150818279269,0
8.93,1.00048828125,0.002685546875,-0.017822265625,-0.8091603053435115,2.519083969465649,0.8549618320610687,1.0006506114686609,0
8.94,1.00244140625,-0.015380859375,-0.02392578125,-0.549618320610687,2.618320610687023,0.7251908396946565,1.0028448468272717,0
8.95,1.0146484375,0.000244140625,-0.01318359375,-0.48854961832061067,2.5114503816793894,0.6564885496183206,1.0147341122037838,0
8.96,1.004638671875,-0.01416015625,-0.0234375,-0.32061068702290074,2.4885496183206106,0.6412213740458015,1.0050117847358997,0
8.97,0.985107421875,-0.00146484375,-0.02294921875,-0.7251908396946565,2.480916030534351,0.6870229007633588,0.9853757887433893,0
8.98,0.984619140625,-0.001708984375,0.023681640625,-109.4885496183206,35.17557251908397,7.282442748091603,0.9849053725182938,0
8.99,-1.994873046875,-1.988037109375,-0.875,-17.709923664122137,12.442748091603054,-0.6793893129770993,2.94914140410399,1
9.0,-1.99560546875,0.0390625,1.984375,-15.274809160305344,0.33587786259541985,-20.80916030534351,2.814553464838811,1
9.01,0.796142578125,-0.02294921875,0.2333984375,-8.67175572519084,-54.70229007633588,15.587786259541986,0.82996656677977,1
9.02,0.96630859375,0.00244140625,0.035888671875,-6.893129770992366,-83.78625954198473,16.801526717557252,0.9669778981903007,1
9.03,0.684814453125,0.248291015625,0.1015625,0.5572519083969466,-86.09160305343511,21.18320610687023,0.7354822941820128,1
9.04,0.798583984375,0.11767578125,-0.044189453125,1.5038167938931297,-66.31297709923665,12.038167938931299,0.8084161535747134,1
9.05,-1.598388671875,0.124755859375,0.63623046875,13.007633587786259,-151.06106870229007,-46.51145038167939,1.7248766855032176,1
9.06,-1.996826171875,-0.9501953125,-0.59381103515625,12.740458015267176,193.6793893129771,-36.045801526717554,2.2897155801660776,1
9.07,-0.305419921875,-0.19482421875,2.0,-6.67175572519084,-20.17557251908397,-26.99236641221374,2.032544662458781,1
9.08,0.460693359375,-0.114501953125,-0.12158203125,3.3740458015267176,-6.5038167938931295,22.129770992366414,0.49003189586448204,1
9.09,0.576904296875,-0.1201171875,0.37060546875,1.5572519083969465,-31.206106870229007,5.969465648854962,0.6961286662343072,1
9.1,0.266357421875,0.021240234375,0.303955078125,-0.4580152671755725,-4.244274809160306,-2.3893129770992365,0.40470497064179545,0
9.11,0.38525390625,-0.111572265625,-0.0771484375,-0.4198473282442748,14.053435114503817,-7.931297709923665,0.4084370504083472,0
9.12,1.100341796875,0.02099609375,-0.05712890625,-0.8244274809160306,12.473282442748092,-3.7404580152671754,1.102023873530961,1
9.13,1.116943359375,0.0322265625,0.03369140625,-0.48854961832061067,-3.480916030534351,6.587786259541985,1.1179159763763908,1
9.14,0.970703125,0.008544921875,0.010986328125,-0.6259541984732825,-2.4122137404580153,3.6412213740458017,0.9708029006859661,0
9.15,0.912353515625,-0.010009765625,-0.046630859375,-0.7175572519083969,4.969465648854962,-1.7328244274809161,0.9135992392330543,0
9.16,1.02587890625,-0.00439453125,-0.019287109375,-0.6641221374045801,4.374045801526718,-1.534351145038168,1.0260696052323384,0
9.17,1.005126953125,0.00732421875,-0.004150390625,-0.2824427480916031,0.9236641221374046,2.1908396946564888,1.0051622067213748,0
9.18,0.994873046875,-0.008056640625,-0.02197265625,-0.6717557251908397,1.7633587786259541,0.8473282442748091,0.9951482736151367,0
9.19,0.988525390625,-0.005859375,-0.000732421875,-0.48854961832061067,3.7709923664122136,-0.06870229007633588,0.9885430272008915,0
9.2,1.005615234375,0.001220703125,-0.009765625,-0.5190839694656488,2.900763358778626,0.9847328244274809,1.0056633915753552,0
9.21,1.0087890625,-0.013916015625,-0.00634765625,-0.732824427480916,0.09923664122137404,1.2595419847328244,1.0089050108163664,0
9.22,0.999267578125,0.0048828125,-0.017578125,-0.9083969465648855,2.5343511450381677,0.8396946564885496,0.9994341023940642,0
9.23,0.99755859375,-0.013671875,-0.0107421875,-0.3511450381679389,2.931297709923664,0.6641221374045801,0.9977101095622808,0
9.24,1.0029296875,-0.01416015625,-0.015625,-0.8549618320610687,2.717557251908397,1.0,1.003151338891033,0
9.25,1.002197265625,0.000732421875,-0.010498046875,-0.6183206106870229,2.4732824427480917,0.6335877862595419,1.0022525154152617,0
9.26,1.000244140625,-0.01416015625,-0.02978515625,-0.5343511450381679,2.7251908396946565,0.6870229007633588,1.0007876929761408,0
9.27,1.000244140625,0.01416015625,-0.01416015625,-0.6641221374045801,2.5877862595419847,0.5343511450381679,1.0004445816259357,0
9.28,1.002197265625,0.006103515625,-0.0087890625,-0.7709923664122137,2.450381679389313,0.8625954198473282,1.0022543887401243,0
9.29,1.014404296875,0.006103515625,-0.02734375,-0.5572519083969466,2.7557251908396947,1.0076335877862594,1.0147911169721138,0
9.3,0.99951171875,-0.013671875,-0.012939453125,-0.5419847328244275,2.5801526717557253,0.8625954198473282,0.9996889643943104,0
9.31,0.997314453125,0.00244140625,-0.007568359375,-0.4732824427480916,2.5572519083969465,0.8549618320610687,0.9973461580314653,0
9.32,0.984375,0.0146484375,-0.01513671875,-0.42748091603053434,2.6793893129770994,0.7938931297709924,0.984600344099426,0
9.33,1.01416015625,-0.015380859375,-0.009521484375,-0.8778625954198473,2.618320610687023,0.9083969465648855,1.0143214737078385,0
9.34,0.994873046875,-0.001953125,-0.02880859375,-0.5877862595419847,2.519083969465649,0.8854961832061069,0.9952919818673635,0
9.35,0.99951171875,-0.0126953125,-0.027099609375,-0.6412213740458015,2.4885496183206106,0.732824427480916,0.9999596170377728,0
9.36,1.01513671875,0.0009765625,-0.016357421875,-0.8396946564885496,2.6717557251908395,0.7938931297709924,1.0152689676530204,0
9.37,1.01513671875,-0.0009765625,-0.0048828125,-0.732824427480916,2.618320610687023,0.5343511450381679,1.0151489315793734,0
9.38,0.9990234375,-0.002685546875,-0.008056640625,-0.5648854961832062,2.595419847328244,0.7709923664122137,0.9990595329080718,0
9.39,0.997802734375,0.001708984375,-0.010498046875,-0.6870229007633588,2.7480916030534353,0.916030534351145,0.9978594221342055,0
9.4,0.99755859375,0.002197265625,-0.000244140625,-0.5725190839694656,2.50381679389313,0.8778625954198473,0.9975610435183148,0
9.41,1.014892578125,0.0146484375,-0.01123046875,-0.9236641221374046,2.5267175572519083,0.7251908396946565,1.0150604145974491,0
9.42,0.985595703125,-0.004150390625,-0.01513671875,-0.7175572519083969,2.5419847328244276,0.5419847328244275,0.985720668351496,0
9.43,0.99755859375,-0.00146484375,-0.01416015625,-0.5572519083969466,2.7404580152671754,0.6030534351145038,0.9976601644631873,0
9.44,0.984619140625,0.003173828125,-0.01171875,-0.6793893129770993,2.6030534351145036,0.5725190839694656,0.9846939902180997,0
9.45,1.0009765625,0.001953125,-0.0126953125,-0.6106870229007634,2.6717557251908395,0.9694656488549618,1.0010589714552558,0
9.46,0.99755859375,0.0009765625,-0.015869140625,-0.6641221374045801,2.6793893129770994,0.6030534351145038,0.9976852866826141,0
9.47,1.004638671875,0.00537109375,-0.00830078125,-0.8549618320610687,2.6106870229007635,0.5038167938931297,1.0046873208337983,0
9.48,0.9990234375,-0.015625,-0.029296875,-0.6946564885496184,2.9389312977099236,0.7099236641221374,0.9995750477998548,0
9.49,1.003173828125,0.003662109375,-0.0078125,-0.4580152671755725,2.572519083969466,0.7404580152671756,1.0032109327735077,0
9.5,1.000244140625,0.011474609375,-0.013671875,-0.7480916030534351,2.519083969465649,0.9083969465648855,1.0004033824817713,0
9.51,0.984619140625,0.01513671875,-0.01318359375,-0.7175572519083969,2.6106870229007635,0.816793893129771,0.9848237301587504,0
9.52,0.9970703125,-0.0009765625,-0.010986328125,-0.6870229007633588,2.66412213740458,0.7557251908396947,0.9971313159001849,0
9.53,1.01025390625,-0.006103515625,1.0107421875,-38.908396946564885,248.73282442748092,13.80916030534351,1.4290731183493215,0
9.54,2.0,0.1357421875,1.8935546875,-35.23664122137404,-10.557251908396946,-2.2748091603053435,2.757530651873249,1
9.55,-1.18756103515625,-0.095458984375,-0.571044921875,-1.7938931297709924,25.282442748091604,2.1908396946564888,1.3211759658419902,1
9.56,1.46630859375,-0.052734375,0.004638671875,0.916030534351145,-33.66412213740458,6.244274809160306,1.4672638902694044,1
9.57,0.650146484375,0.087890625,0.036376953125,-1.5267175572519085,-40.61068702290076,3.786259541984733,0.6570681059271719,1
9.58,1.07275390625,0.096435546875,-0.103759765625,-1.633587786259542,-25.709923664122137,12.801526717557252,1.0820660086326845,1
9.59,1.105712890625,0.080810546875,0.04296875,1.0458015267175573,-61.274809160305345,20.755725190839694,1.1094943237606456,1
9.6,1.291748046875,0.09912109375,-0.071044921875,-0.366412213740458,-108.22900763358778,115.6793893129771,1.2974919609599893,1
9.61,-0.87506103515625,0.3427734375,1.984375,-6.282442748091603,-32.17557251908397,12.793893129770993,2.1956706459142032,1
9.62,0.649658203125,-0.23193359375,-0.276123046875,10.099236641221374,15.442748091603054,-19.68702290076336,0.7430295484117219,1
9.63,-0.707275390625,-0.26953125,-0.01806640625,4.541984732824427,-16.938931297709924,-6.358778625954199,0.7571076329988352,1
9.64,0.8203125,0.119140625,-0.004638671875,-0.40458015267175573,8.610687022900763,-3.6106870229007635,0.828932206792814,1
9.65,0.9208984375,0.085693359375,-0.159423828125,-0.3053435114503817,-2.0229007633587788,0.7557251908396947,0.9385165107790826,0
9.66,0.807373046875,-0.017578125,-0.004150390625,-0.11450381679389313,-4.603053435114504,5.526717557251908,0.8075750448355105,0
9.67,0.828369140625,-0.034912109375,0.114990234375,-0.5572519083969466,1.0610687022900764,-2.717557251908397,0.837040645681218,0
9.68,0.86865234375,-0.009765625,0.012451171875,-0.732824427480916,1.8015267175572518,-1.6717557251908397,0.8687964625935523,0
9.69,0.875732421875,0.010009765625,0.01220703125,-0.648854961832061,-1.4198473282442747,1.9312977099236641,0.8758746952292085,0
9.7,0.957763671875,0.00341796875,-0.043212890625,-0.7557251908396947,1.3053435114503817,0.7557251908396947,0.9587441199767678,0
9.71,1.005615234375,-0.002685546875,-0.046630859375,-0.5877862595419847,3.9083969465648853,0.22137404580152673,1.006699383537685,0
9.72,1.030517578125,0.001220703125,-0.02685546875,-0.9923664122137404,2.7557251908396947,1.0,1.030868170593368,0
9.73,1.004638671875,0.003173828125,-0.0185546875,-0.4198473282442748,2.2061068702290076,1.1374045801526718,1.0048150131441875,0
9.74,1.002197265625,-0.0078125,-0.0302734375,-0.6564885496183206,2.9618320610687023,1.0,1.002684833534717,0
9.75,1.003662109375,0.015380859375,-0.027099609375,-0.7480916030534351,2.8625954198473282,0.4961832061068702,1.0041457013095587,0
9.76,1.001953125,0.00244140625,-0.030029296875,-0.7404580152671756,2.572519083969466,0.9236641221374046,1.0024059975042798,0
9.77,1.006591796875,-0.00048828125,-0.01123046875,-0.8320610687022901,2.6259541984732824,0.9618320610687023,1.0066545620931566,0
9.78,1.002685546875,0.00146484375,-0.009033203125,-0.7251908396946565,2.7786259541984735,0.5114503816793893,1.0027273061196285,0
9.79,1.012451171875,-0.000244140625,-0.017578125,-0.48854961832061067,2.801526717557252,0.8549618320610687,1.0126037850582137,0
9.8,1.001220703125,0.002685546875,-0.00830078125,-0.8854961832061069,2.6793893129770994,0.7404580152671756,1.0012587135688247,0
9.81,1.000732421875,-0.015380859375,-0.015869140625,-0.5801526717557252,2.6030534351145036,0.7557251908396947,1.0009764136337542,0
9.82,1.01416015625,0.0029296875,-0.013916015625,-0.549618320610687,2.7404580152671754,0.8549618320610687,1.0142598587564962,0
9.83,1.01416015625,0.005126953125,-0.00537109375,-0.5419847328244275,2.717557251908397,0.8015267175572519,1.0141873381291258,0
9.84,0.995361328125,0.003662109375,-0.012451171875,-0.366412213740458,2.648854961832061,0.48091603053435117,0.995445938387866,0
9.85,0.99462890625,0.004150390625,-0.01171875,-0.6259541984732825,2.687022900763359,0.7480916030534351,0.9947065979433201,0
9.86,1.01318359375,0.000732421875,-0.009521484375,-0.6641221374045801,2.8702290076335877,0.7099236641221374,1.0132285969862238,0
9.87,1.001220703125,-0.000732421875,-0.014892578125,-0.5801526717557252,2.7557251908396947,0.6946564885496184,1.0013317241010251,0
9.88,0.99658203125,-0.015380859375,-0.001708984375,-0.6717557251908397,2.549618320610687,1.015267175572519,0.9967021804295823,0
9.89,1.0,0.00048828125,-0.030029296875,-0.7709923664122137,2.4885496183206106,0.6183206106870229,1.00045089689069,0
9.9,0.99609375,-0.002197265625,-0.005615234375,-0.8015267175572519,2.366412213740458,0.7786259541984732,0.9961120005412923,0
9.91,0.9990234375,0.000244140625,-0.0146484375,-0.7633587786259542,2.480916030534351,0.7251908396946565,0.9991308547933812,0
9.92,0.9951171875,-0.014404296875,-0.01025390625,-0.7099236641221374,2.564885496183206,0.7480916030534351,0.9952742552782912,0
9.93,0.998779296875,0.000244140625,-0.0126953125,-0.7251908396946565,2.648854961832061,0.7862595419847328,0.9988600074235813,0
9.94,0.9990234375,0.0029296875,-0.025634765625,-0.5419847328244275,2.4122137404580153,0.8778625954198473,0.9993565694744858,0
9.95,0.999267578125,0.001708984375,-0.009521484375,-0.48854961832061067,2.4656488549618323,0.7557251908396947,0.9993144009690346,0
9.96,0.986328125,0.0029296875,-0.013671875,-0.7022900763358778,2.5114503816793894,0.6641221374045801,0.9864272266117146,0
9.97,1.0029296875,-0.013671875,-0.00048828125,-0.732824427480916,2.6030534351145036,0.8702290076335878,1.0030229890951863,0
9.98,1.005615234375,-0.00390625,-0.002685546875,-0.6870229007633588,2.5267175572519083,0.6259541984732825,1.0056264070509318,0
9.99,0.9873046875,0.003662109375,-0.001708984375,-0.3893129770992366,2.549618320610687,0.8778625954198473,0.9873129583025542,0
